Family,MFVF11801,MFVF11801,MFVF11802,MFVF11803,MFVF11804,MFVF11806,MFVF11807,MFVF11808,MFVF11809,MFVF11815,MFVF11817,MFVF11818,MFVF11819,MFVF11821,MFVF11822,MFVF11823,MFVF11824,MFVF11825,MFVF11829,MFVF11836,MFVF11837,MFVF11838,MFVF11839,MFVF11841,MFVF11842,MFVF11844,MFVF11845,MFVF21801,MFVF21802,MFVF21803,MFVF21804,MFVF21806,MFVF21807,MFVF21808,MFVF21809,MFVF21815,MFVF21817,MFVF21818,MFVF21819,MFVF21821,MFVF21822,MFVF21823,MFVF21824,MFVF21829,MFVF21837,MFVF21838,MFVF21839,MFVF21841,MFVF21842,MFVF31801,MFVF31803,MFVF31804,MFVF31807,MFVF31808,MFVF31815,MFVF31817,MFVF31818,MFVF31819,MFVF31821,MFVF31822,MFVF31823,MFVF31824,MFVF31836,MFVF31838,MFVF31839,MFVF31841,MFVF31844,MFVF31845,MFVS11801,MFVS11802,MFVS11803,MFVS11804,MFVS11806,MFVS11807,MFVS11808,MFVS11809,MFVS11815,MFVS11817,MFVS11818,MFVS11819,MFVS11821,MFVS11822,MFVS11823,MFVS11824,MFVS11825,MFVS11829,MFVS11836,MFVS11837,MFVS11838,MFVS11839,MFVS11841,MFVS11842,MFVS11844,MFVS11845,MFVS21801,MFVS21802,MFVS21803,MFVS21804,MFVS21806,MFVS21807,MFVS21808,MFVS21809,MFVS21815,MFVS21817,MFVS21818,MFVS21819,MFVS21821,MFVS21822,MFVS21823,MFVS21824,MFVS21825,MFVS21829,MFVS21836,MFVS21837,MFVS21838,MFVS21839,MFVS21841,MFVS21842,MFVS21844,MFVS21845,MFVS31801,MFVS31802,MFVS31803,MFVS31804,MFVS31806,MFVS31807,MFVS31808,MFVS31809,MFVS31815,MFVS31817,MFVS31818,MFVS31819,MFVS31821,MFVS31822,MFVS31823,MFVS31824,MFVS31825,MFVS31836,MFVS31837,MFVS31838,MFVS31841,MFVS31842,MFVS31844,MFVS31845
NP_052173,0,0,15.34195777,0,1.225166563,0.158101232,5.117402781,1.368971449,0,0,0.28595516,0,0,1.475680702,0.677366662,5.043711762,0.409590362,0,0,1.171134206,0,0.30662407,0,0,0.144351164,0,0.199044072,0,6.095424095,0,5.083692091,0.139848059,0,0.769481627,1.648208127,0,0,3.00677546,0.576336995,6.537748783,0,5.562209713,0,0,0.955070283,0,0.418298046,0,1.940138314,0,0,1.248296788,0.301482069,1.889039233,0.862163187,0.690445488,1.054965242,2.990537157,1.163816152,0,1.599201761,0,0.45205583,0,0,0,0,0.806622957,1177.402254,1177.402254,91.89888462,13.8778011,1036.018016,166.1318679,24.92729021,39.76266425,75.25929154,223.749384,10.47526267,20.02456945,816.7731297,0,790.1711752,168.3786485,240.9185479,219.871125,887.351239,50.41652416,1131.407562,39.56031373,32.91854638,24.45840567,73.21807551,0,89.96622556,110.675895,36.12225003,12.11239184,298.6807126,76.75394905,138.4062996,19.44408148,15.52243694,198.6036205,67.94131365,75.625677,396.5211136,0,125.0677119,53.68621901,163.4723819,85.90302661,890.0612063,15.98433332,414.6906656,0,0,40.03530856,9.480918454,0,2682.024745,3767.65977,695.7236774,1.383691422,1164.910309,263.2985065,39.77015831,206.182002,57.80748546,1223.872531,444.4731969,259.2601137,103.2336536,1.793991796,273.821084,151.2575055,248.0528801,165.658517,0,267.4904456,7.96289157,3.567505538,21.44042325,0
YP_001836040,966.7237629,966.7237629,274.056848,471.2269676,282.6332837,68.70019353,55.92348256,373.6072997,176.6778231,143.6723956,571.4312549,59.80292873,101.5751966,173.147636,92.83936354,386.6474825,187.3453869,200.4499306,95.40030717,108.7505923,211.3234659,97.71393732,315.8538638,83.37108862,14.84875805,19.13672708,77.36203547,862.8172986,268.4946273,639.1521885,333.3063536,60.87025614,169.7701226,368.9762546,236.0306806,114.6442259,388.4806162,143.1597118,95.79066761,186.5382581,125.7247778,231.2457456,145.8958401,153.4303609,128.7059478,46.14415376,548.5364142,210.904274,28.55289292,994.5417419,750.7699818,106.7916615,40.19534177,470.8717548,154.218273,217.3532368,113.5211154,33.30775978,328.3153868,102.8204568,183.7350038,168.6597951,50.95175117,101.2645824,142.7610172,97.84668362,90.20425377,111.2864615,89.14914841,89.14914841,143.8980025,112.0212849,41.43279477,72.42500801,0,71.25973259,32.77136146,169.5641705,22.69009964,71.28791159,110.8637438,184.2936397,73.91654206,86.76927216,0,44.60293866,199.1410868,37.37963741,23.75680802,127.6589382,46.35237492,37.85417156,198.8022434,20.51656875,82.26301196,140.1883469,91.83255183,103.0191416,48.10843847,63.71195375,98.88697345,119.6868599,58.38604818,102.7937471,0,44.67916692,118.7863033,53.64559028,95.9249238,144.7640619,154.6822082,45.30282714,75.28568254,27.82686816,102.0508317,31.66011825,32.2558909,70.86720509,81.39756097,98.51920952,167.7835596,93.11990305,83.91633881,14.38536814,101.6612641,119.8889425,69.78229281,84.40076178,125.6370852,107.6796121,30.50298067,232.0133944,94.34785509,200.3736098,94.44489693,206.7371249,59.57962508,73.09829282,32.67357676,55.14270531,108.645064,72.97287502,105.2293549,49.78613597
P30899,19.53607402,19.53607402,34.68323185,124.2778599,193.0565493,146.6029606,83.04557145,113.1683065,272.2577762,246.6373806,49.06730587,346.3607588,158.748441,153.7786037,342.3949293,61.089725,46.07891569,135.8312789,69.30369805,277.5588069,66.63490687,243.5570734,289.8650573,326.9521034,250.8101475,451.2821879,378.6903942,42.81391713,2.994821056,85.97521494,18.62277951,92.29971906,27.2499959,68.76290763,268.5093158,377.0803552,74.8767041,230.1292284,203.5190013,159.2134115,64.53317897,13.82338194,47.7205247,41.69136681,171.6545238,416.4564883,423.2362873,115.9769685,333.3465344,6.559202981,86.33382641,636.307129,203.5003968,52.27529952,81.73307017,501.7498749,51.69329686,472.1010041,205.3692287,165.585345,184.8634779,59.75559557,255.8635999,278.3053402,296.5079849,308.6462197,475.5209997,209.8805188,77.18983311,77.18983311,248.3989199,0,92.74249819,34.65640634,103.8637092,168.5143053,0,126.7512909,55.13296141,157.0734576,128.4234481,31.72321105,113.2109779,88.45372487,80.81660329,143.8911107,101.0771795,155.0527532,0,34.07108359,211.3663961,146.5689245,47.86043927,45.81487288,57.3687168,165.2472961,199.6575274,49.9348078,234.9195517,172.4953569,140.752169,249.6601291,91.45001609,141.565953,123.5296612,117.9468798,198.5708237,275.9736004,172.8208383,24.00278048,0,238.3776983,53.40367238,203.8120376,0,121.8035105,53.54236272,51.12035367,76.65423431,118.1631994,60.95219148,36.21340039,109.5512824,10.61461913,3.261166204,14.88535951,16.94751064,128.9061546,15.97588689,109.6610326,211.7625475,39.94762923,53.39671737,57.30807126,222.6981777,184.7219457,66.99684498,61.96539971,128.2371116,9.675077986,130.5500072,102.7441595,59.90706497,65.90797745
YP_001694417,0,0,0,0,0,0,0,0,0,0,0,0,0,0,0,0,0,0,0,0,0,0,0,0,0,0,0,0,0,0,0,0,0,0,0,0,0,0,0,0,0,4.630661445,0,0,0,0,0,0,0,0,0,0,0,1.645026908,0,0,0,0,0,0,0,0,0,0,0,0,0,0,130.6289483,130.6289483,91.71652428,720.5781342,93.39104713,58.64930303,143.8112897,277.4705402,322.2840399,117.0011916,362.6052462,96.66058929,59.27236065,678.0836362,221.4997393,342.9282872,111.8999122,120.7477852,218.6765903,0,0,99.59239819,49.88542565,109.4292875,565.4894978,116.2992927,23.83008236,22.32940941,138.2244421,838.5502044,112.594578,223.4045047,40.60158722,217.2866179,75.97385952,0,78.39382344,205.8399873,64.44005097,41.53448835,139.5860617,365.5808104,95.30373682,98.79389694,394.3655806,15.50556499,0,112.4340097,222.4067374,788.7140281,44.22359672,100.1697451,569.6685588,134.9966997,349.6010155,204.7105117,976.8447075,645.7955972,279.6339256,183.4433738,619.3728456,109.323614,89.68766718,405.6220814,727.0168442,752.0965606,149.8930042,527.3584493,226.7585523,183.0362576,11.38199215,100.4719637,315.7136633,217.3434143,331.7929752,78.73170157
AAB51122,111.1148457,111.1148457,325.0126144,131.6101213,254.7547429,128.3135226,95.91389423,99.74937756,168.5309885,99.04032316,114.1939356,224.3720638,158.5856221,275.5630012,126.1268535,100.8742352,70.00136725,174.9826475,111.4770595,141.707239,165.6850057,86.33649072,165.3267736,109.799405,60.53619961,295.5898331,269.3464381,159.6816549,132.6527292,91.39431738,158.9712052,91.96408372,34.06249487,101.4092227,176.6805773,105.0864517,100.0560126,162.5383948,180.6183381,252.5343412,45.82410266,24.09794589,67.406796,89.52914468,194.4459737,125.0051952,230.4706042,65.1999864,97.56831744,103.5641114,132.923706,483.7420248,345.3853956,54.736312,64.01899035,160.6724189,68.86323841,247.8300631,153.8150326,77.43116638,91.73758756,59.0257137,176.1209515,101.0532589,149.3197297,104.4778866,337.3926677,165.0229109,31.60308385,31.60308385,92.22606052,0,20.23472688,0,28.32646615,20.57906506,0,74.71655042,0,43.43422567,0,23.86629775,32.25347081,37.55881241,35.20792891,47.69537517,13.08588485,14.30962653,0,30.67157191,40.40323561,28.81637905,9.699715691,16.02082093,9.118606565,46.66324821,47.64554632,13.37996773,36.61701514,9.114903791,40.29399944,41.36205976,11.72945859,77.56324055,23.09408688,15.20408997,37.65512069,116.5192885,47.88577395,0,9.385974081,76.06414166,26.10846205,19.89200772,0,0,20.38728427,9.785318969,14.37266893,21.40200805,0,14.77284904,30.23695651,0.454912248,0,0,9.566423772,44.83692333,1.917106427,44.34692157,22.97263054,21.44807236,2.548479693,1.943491112,28.23494753,66.84268345,17.86582533,5.020786233,13.73969053,0,16.09520636,24.10768894,4.659438387,27.74151441
ABN80187,70.1566402,70.1566402,121.8596083,98.97449937,125.9198967,163.5908581,139.2536358,114.040392,110.2842018,127.5700043,171.1560781,44.1966978,125.4791096,100.6842759,79.85238304,142.1469047,142.869019,69.09512673,123.4632547,30.21526252,154.7928887,90.67920152,82.67958378,85.58519671,22.47753839,10.70899795,89.53571051,134.7910262,216.2503768,148.8763551,193.3844188,181.2617311,292.7983894,146.0301375,132.3520133,90.47779919,169.0504917,87.28685592,137.2202352,105.5928837,151.8769486,140.277599,148.4802029,196.5744539,82.79426843,39.32183179,54.95971555,251.1474454,23.6548268,170.3343024,148.1966136,50.60060195,79.94658444,220.6453267,122.4731547,115.7215407,96.28316109,37.46601364,104.6857871,68.76554518,100.4611627,197.510119,9.744314562,80.33292966,138.1199314,89.02676731,14.96733779,108.4035852,0,0,0,0,0,0,0,1.04372599,0,11.61886833,0,6.133344535,0,0,5.273803317,3.790873923,0,0,0,1.340865004,0,0,0,0,0,4.571098428,0,7.257058059,0,0,9.680750757,7.375894758,0,3.026492177,3.919286404,7.909716737,0,0,4.266170041,1.799827828,0.900108533,0,0,0,0,0,0,0,0,0,0,2.511972776,0,0,0,0.94773385,0,0,0,22.59267921,0,21.52489411,0,0,0,0,11.63568521,1.4509333,0,0,0,0,9.867894378,8.663942022,0,0
NP_344871,0,0,0,0,0,0,0,0,0,0,0,0,0,0,0,0,0,0,0,0,0,0,0,0,0,0,0,0,0,0,0,0,0,0,0,0,0,0,0,0,0,0.284755852,0,0,0,0,0,0,0,0,0,0,0,0,0,0,0,0,0,0,0,0,0,0,0,0,0,0,21.9010836,21.9010836,41.39981999,177.6028117,57.49930153,136.5870132,90.49690142,55.95927172,60.83518177,31.06158117,71.42224546,25.21153656,72.36559375,171.2018944,41.37515259,169.303533,53.29210796,24.0479175,123.4267029,13.14047704,0,56.2913555,25.47719953,23.23548539,110.3069172,43.76956606,16.02015748,18.77619784,59.7788842,202.6511804,51.20041512,96.29909965,78.56750378,78.05164036,29.55558491,24.05155714,41.25008329,71.00091777,82.2005845,21.05540211,52.97289452,22.04081408,66.88526747,60.02803086,101.9524654,8.865450355,143.1450742,22.14609281,48.88650509,218.5676556,20.47016484,34.38126216,206.165367,50.36155074,182.9424047,398.024671,236.8636506,310.727121,366.4899177,82.75703954,264.0757272,50.70379848,79.12295451,203.6770816,182.0794897,176.0901038,61.81781597,152.0168052,131.5123253,126.2820557,10.11100303,101.881503,100.1254084,75.95906202,114.1451749,41.71924404
YP_001834888,0.612066161,0.612066161,1.971968562,4.185609498,2.106767899,0.969311125,0.390343462,21.10993655,1.492797207,8.955684779,0.198579972,3.330695474,1.283943435,0.196584984,0.994178076,1.590031292,0.29680461,9.588090273,6.600352195,2.142666409,2.118990038,1.870771853,1.614380458,5.327620138,0,0,0.875793916,0.314551228,1.246636462,0.494992771,2.856426331,6.361088863,13.79031643,7.497513293,1.476858927,4.948466519,0.120606772,5.257749439,2.701579663,1.178801251,0,3.373448048,1.663433843,3.800298492,0.354924767,0.533613478,1.438591165,15.50244906,0.64790928,1.366500621,3.62494824,6.305172553,2.075420042,22.66812642,4.918078704,0,11.86453663,0.401943579,7.342376807,1.711702611,1.372471275,0.661908136,2.410964428,0.876237109,2.060653849,6.481457301,0.749973976,0.495185522,52.96692834,52.96692834,40.67897606,108.4203211,51.59855354,93.89318976,43.2765455,60.80178314,112.9573963,63.37564545,54.03905344,28.44194578,49.03440744,158.0401279,58.73099148,85.16532757,36.01609494,38.3492966,92.86465867,12.35927743,15.23295329,65.35158319,26.22652893,25.30360696,99.00541848,15.32498013,39.24020229,95.42455391,56.3738901,179.1507258,117.725522,109.0616902,61.96155267,119.109281,19.22555326,38.89001379,34.53683444,23.92110156,64.61308444,25.70208679,66.71392656,60.67783637,64.55529171,47.46125456,19.45972327,8.230870751,68.41697851,57.89249204,55.11713809,93.84236352,22.07975227,34.81594267,177.8600406,42.94537866,78.73085495,366.9309558,91.60040366,306.9010887,72.72283251,61.46913853,52.15657191,42.20272585,56.69820352,154.5907511,145.7498225,152.2078922,72.91363948,143.6641607,168.9809312,54.66563262,20.72351513,45.70531971,80.66231893,48.35951952,40.91691693,27.08042485
P10337,102.8859071,102.8859071,66.73229419,55.58754116,51.55909286,16.7982559,39.50275831,71.18651537,21.11241764,37.83641635,41.10605426,43.56739104,21.1664588,70.52486298,53.44701335,80.62181394,31.40192773,115.0570833,38.26870868,62.85086908,46.77770462,7.665601738,65.09557681,10.10600109,7.2175582,59.04275292,96.73541894,98.20988337,30.01476214,49.65809829,15.68234064,9.062154235,24.97916291,66.32086045,36.47673724,69.61483481,42.2123701,50.4116601,27.37600726,79.99127923,14.64036299,25.53879949,30.21155521,18.39325006,88.70185919,52.8579389,98.47433177,14.33685139,18.07053082,71.55494161,50.82857313,203.4561648,40.13480047,55.73151767,35.59009638,129.4585291,30.68989795,40.92516444,47.33271746,25.05310185,90.44560242,25.4065749,121.4523331,23.34851321,116.4646373,14.67527763,135.8109124,104.915486,99.06028583,99.06028583,36.13075199,0,0,0,62.31822553,27.32664411,31.0347594,103.7056016,0,46.0748809,12.84234481,0,11.07498696,10.61444698,16.16332066,9.513461867,14.21397837,22.52653207,0,97.10258824,36.02836297,18.96774317,5.743252712,10.79922004,30.97910707,55.29187093,39.93150549,21.12626484,9.856764407,0,52.78206339,14.26629309,0,124.5780386,0,50.68029991,37.23202945,21.59793394,12.96156287,52.80611706,20.64914298,16.05400825,21.36146895,45.81189657,0,24.36070209,21.41694509,0,108.5934986,48.22987729,6.857121541,3.798608432,24.10128213,4.549122482,0,0,42.36877661,19.53123554,6.390354756,103.9586589,0,0,4.854247034,0,21.93239629,14.85392966,8.120829695,15.02191508,32.0592779,0,34.14134683,10.37819793,38.12267771,19.38469925
YP_001396002,0,0,0,1.434764692,0,0,0,2.281619082,0.450208681,0,0,0,2.637666404,0.588330423,0,0,0,5.928635819,0,12.68728724,1.975249025,0.5019144,0.334367822,0,6.231308011,1.39682582,0,0,0,3.75738758,0,0.167817671,0,1.809182556,0.930029532,0,0,0,3.542071114,0,0,9.263653135,0,0,17.74623836,2.416362921,0.174290853,0,8.224063505,0,3.597242767,0,0,2.448154523,0,0,0,2.276037384,0,0,1.756966939,0,10.4618635,1.263979662,0,0,3.403006918,2.225480005,62.21177371,62.21177371,54.22413632,42.50076588,85.15447561,123.0839734,26.62687818,21.29524656,37.50033427,41.88303525,37.32128607,16.52180073,33.53278922,152.150248,5.785719513,111.7849972,35.35726394,9.185775958,52.11792068,4.469550014,0,22.86836317,12.20526064,5.268817548,29.99254194,20.84434434,38.2458112,20.16684181,50.99947712,111.0302585,52.51019318,63.79079995,67.7306067,47.16595011,25.94397196,37.23800067,0,56.53669012,27.14835481,6.91238224,16.20195359,22.48086505,10.32457149,49.67435887,142.2690719,3.079577492,0,10.15029254,8.031354408,41.38314345,27.65649931,16.27758359,175.8301413,39.96796698,172.8475789,93.72950428,304.3124946,401.7693853,292.838861,74.05098119,45.38078015,91.53040852,38.4494351,129.9090562,173.2813763,116.6744664,13.62726369,40.59853312,118.3610928,76.11466489,9.042360434,26.60646446,38.78011678,21.25753946,53.27703407,17.04823429
ZP_03615711,0.425468037,0.425468037,13.55596004,0,40.92437353,24.98226406,38.44756362,0,187.5911076,76.54867567,1.505027158,147.0590533,70.24194911,106.6352828,122.3362285,7.35157012,11.44827925,10.26093871,11.24972309,49.51264042,26.93453078,72.41059441,172.1542687,183.9247873,90.15040996,180.6976106,86.86702338,12.79461135,0,0,5.721428105,22.10536116,5.095708467,0,131.8756114,90.98781041,8.516530809,88.27052204,88.33777713,97.26580374,35.60546602,1.592555524,21.55645058,2.196971535,112.2626473,107.2249003,217.7922187,43.47474832,84.67859387,1.626786454,0.865502019,117.3744545,109.5957844,0,13.22698586,82.54558453,19.02639068,152.6406531,129.8860765,58.56711968,43.16429532,17.39224327,135.4792818,59.47256142,159.2002792,237.9897737,165.8843755,12.69703601,0,0,0,0,0,0,0,0,0,0,0,0,0,0,0,0,0,0,0,0,0,0,0,0,0,0,0,0,0,0,0,0,0,0,0,0,0,0,0,0,0,0,0,0,0,0,0,0,0,0,0,0,0,0,0,0,0,0,0,0,0,0,0,0,0,0,0,0,0,0,0,0,0,0,0,0
ZP_03486481,14.31246576,14.31246576,28.4392745,54.12950729,69.29220725,65.70272511,113.474764,48.4750546,54.95731168,55.3417893,53.79238461,44.13876666,73.50873584,27.61213348,45.77637717,74.19059944,93.66861551,40.26997914,52.0093326,24.9841964,152.9762682,47.87859446,48.9257647,61.50578531,44.01527296,27.52081539,27.72259729,54.65972157,46.80430721,73.37539896,32.39303149,120.8287231,68.56651655,60.15147808,56.60870697,52.49643281,56.94221353,43.27138562,42.42480657,42.2148176,61.3909958,130.2658203,94.72065464,81.92534495,76.16865348,23.56944161,44.22987541,93.55354444,58.87734426,62.09737248,76.8310399,12.71684082,47.48342591,45.92591515,81.00376492,61.1214039,71.39174621,61.67527709,52.20001628,63.67663387,26.88923315,80.29705251,12.29591858,72.23332956,48.77842029,58.00734979,27.71903817,56.8996194,0,0,0,0,0,0,0,0,0,0,0,0,0,0,0,0,0,0,0,0,0,0,0,0,0,0,0,0,0,0,0,0,0,0,0,0,0,0,0,0,0,0,0,0,0,0,0,0,0,0,0,0,0,0,0,0,0,0,0,0,0,0,0,0,0,0,0,0,0,0,0,0,0,0,0,0
ZP_03747370,0,0,0,0,0,0,0,0,0,0,0,0,0,0,0,0,0,0,0,0,0,0,0,0,0,0,0,0,0,0,0,0,0,0,0,0,0,0,0,0,0,0,0,0,0,0,0,0,0,0,0,0,0,0,0,0,0,0,0,0,0,0,0,0,0,0,0,0,70.75734702,70.75734702,0,0,112.4151493,0,0,65.12850179,0,7.921955681,0,41.88625536,16.05293101,47.0891414,81.21657107,26.53611746,30.30622623,73.25365638,63.17323719,142.1316904,152.3295329,10.78917647,18.01418148,80.61290848,70.19531092,151.1890805,51.63184512,52.52727738,0,4.69472552,149.0835617,60.02134359,7.330842137,9.808076501,87.79201545,15.57225483,14.15444034,150.3515564,13.96201104,39.59621223,32.40390719,26.40305853,17.20761915,32.1080165,17.80122413,33.59539082,55.29208875,0,60.23515806,87.63489201,52.69978609,119.0675096,24.38087659,6.267703913,6.886080607,0.94773385,47.83043765,5.954143804,0,61.7675324,14.3782982,44.74170129,14.94794453,14.12434033,45.38720977,1.245827636,6.495363517,18.28175958,26.79873799,123.9307994,55.48721175,232.2018717,0,29.72921282,137.7862494,76.76340903
ZP_02206446,21.22021833,21.22021833,20.52457075,21.8379626,52.96292954,36.56090991,126.2517134,51.10826745,26.65709297,39.63815046,71.93559495,33.76472805,95.24906458,26.31781472,38.97178057,41.79510826,36.26581328,29.22084654,35.29354993,37.4762946,132.5082719,32.09970728,36.78046044,38.84494168,38.66549036,22.5641094,25.07955306,15.64434678,16.73296844,22.12908858,38.08568441,55.79937561,80.66360912,60.24787468,57.75483396,50.2773807,95.35472888,31.42326813,63.48712209,25.71148261,33.71136215,125.8317933,33.98799961,44.68026994,102.6055236,22.02414121,60.13034418,28.4114433,56.47040881,18.74057995,31.86129308,29.53559365,36.74312719,85.54139921,76.56009105,57.33163431,34.28637037,70.70552964,46.16732859,22.81621776,30.67053156,32.17608992,31.64390811,68.65937527,86.55952401,30.20376908,25.98659828,35.31700514,0,0,0,0,0,0,0,12.52471188,0,6.337564545,0,0,0,0,0,6.634029365,0,0,0,0,0,0,0,0,3.828835141,0,0,0,0,0,0,0,0,0,0,0,0,0,0,0,0,0,0,0,0,4.199423852,0,0,0,10.9543615,4.790889644,0,0,0,0,0,0,0,0,0,0,13.15932391,0,0,0,0,0,1.088199975,0,0,0,0,0,0,0,0
ZP_03989103,20.62459427,20.62459427,17.35577813,31.76430923,18.56312974,22.45756137,32.44286452,24.22664626,23.45824182,17.34169083,63.45940392,16.63482203,27.75322395,9.94541305,17.96750922,59.80277885,27.30602411,14.10798913,74.67817838,10.00787413,69.42145752,66.03151585,31.7649431,21.53267277,18.20793091,3.69230881,15.85114609,30.8709123,11.48014738,32.76071698,26.90947087,32.80072661,23.28924068,25.41364896,36.10828535,11.95406254,51.53198427,13.10703163,24.72354722,13.84464448,14.00991674,52.90179894,12.01595946,68.64093925,50.86277243,18.09983968,18.69665511,34.17320453,30.28867381,46.39890745,72.20104775,5.876721892,8.050941623,42.93270983,14.39332139,25.30325796,24.74373022,15.94486926,23.47076899,19.85743016,18.63912753,8.023128916,5.127718332,49.7356846,22.06864321,30.34338589,8.268463089,52.51807827,0,0,12.23783535,0,3.671623829,0,7.538495023,3.489289234,0,21.88411217,0,23.72223773,29.94036399,6.048399981,0,16.8866202,2.932860603,3.7977126,4.585154312,38.43401072,0,66.68090737,32.72664349,12.20248873,25.51621073,0.870904842,1.665543391,29.82477569,3.622818038,2.942808152,6.975250619,8.204601408,2.128309008,0.379667477,0,35.27732215,8.218707297,3.745289026,1.125968633,6.214948,2.090574657,0,0,0,0,17.29029645,0,0,11.65841769,2.120199,16.54332128,51.82767056,0,4.426604181,2.498980866,0,0,0,0,10.25389866,7.695130269,3.90727726,2.399999892,4.993453654,15.03250694,0,7.44912343,4.498398503,0,16.86331112,17.62790207,0,40.62151606,18.92556457,2.174046713,80.96089617
YP_002559372,35.67456995,35.67456995,14.48503586,30.41282617,27.9657585,26.63662061,27.41561929,27.11811949,26.88281376,27.45614465,57.12848879,4.262027384,14.4207946,11.58016036,12.04351431,19.69642522,36.65355954,31.46703117,19.8648281,4.242493367,71.79186923,2.792295013,13.99619737,9.985030113,11.0157695,5.683646658,10.46342814,45.77405813,2.130991441,13.0849372,19.64450147,36.620854,56.98101112,18.82665806,43.96592242,23.70940026,75.85418058,5.832546432,14.78276889,16.22773902,12.98610084,23.55835716,15.08916789,50.33469895,57.49629444,0.822140673,10.03304841,68.18746391,10.91305073,66.31802855,31.04888249,12.43143616,8.195133583,32.00054155,18.61614206,41.15765326,5.038773542,4.026302628,21.20306184,40.66840422,10.82373088,23.81839809,5.110196342,4.11791535,36.00170728,27.59961213,4.917021853,33.51437508,0,0,0,0,0,0,0,8.499894054,0,8.98913289,0,1.803879532,24.54044278,9.341057358,3.1661798,0,0,9.398188274,0,0,0,0,5.769122808,0,77.46996235,0,0,5.376005743,0,0,0.770789634,0,0,14.73150189,0,0,0,0,44.13295887,10.00617039,0.921438119,0,0,25.70684248,0,11.15951243,0,3.463606933,0,14.51126839,2.724676575,0,1.85741781,9.014748262,0,0,0,0,15.98866508,1.46423898,5.490991002,0,0,0,3.851526025,42.14195042,1.517855541,0,0,3.269901288,0,0,0,0,0,0
AAA98484,27.47884475,27.47884475,20.53888688,8.001498548,4.549984518,2.08562396,0,9.523279649,5.934100697,13.43466957,1.554104131,0.766303914,0,0.897453187,0.242060749,4.788162415,0.148402305,3.751861411,0,1.629404113,0,0,0.609200173,0.494315271,0.320938853,0.392419294,1.03849081,157.0131426,44.92954971,0.53170579,3.463441831,0.451051448,23.37878819,2.84998642,19.55998953,3.760485148,5.899244268,2.798212438,0,0.200647021,5.878073761,17.6074953,1.649395677,0,0.336687526,0,3.940488844,9.122068751,0.342244902,307.3735201,2.144939787,22.13242188,32.28569097,28.82373234,16.80707052,2.439073736,11.7922597,0,11.22515039,20.78578127,12.80028465,0,0.314473621,0,0.15077955,0,0.652966473,0,25.17059775,25.17059775,46.73434225,38.39707815,2.299400782,16.82593641,0,3.366325723,0,31.31207779,0,4.635633004,11.67485892,5.062548008,4.888169477,7.027351264,16.53066885,11.68501295,8.614532344,27.15649123,0,4.690946292,4.912958587,4.217136575,5.221138829,7.96780398,15.30588294,9.247182959,0,32.23216691,1.232095551,25.86665069,19.6454979,7.784433839,41.31516537,18.09582181,15.10552922,12.4998052,2.023479861,35.24959245,5.678155014,0,0,0,0,14.14193329,0,11.07304641,7.30123128,0,27.74171276,2.466300543,4.7280109,0,38.10479388,7.0574331,4.749959471,7.883945353,0,25.348147,51.05337767,11.07879839,5.287909231,1.426701044,3.482394611,1.949991082,28.00231533,7.609872748,19.68418502,19.10395722,26.17183374,0,18.31651449,30.37314992,32.08461385,1.938469925
NP_755678,592.6115186,592.6115186,42.53508327,6.383404451,4.908519884,0,8.977899616,1.825295266,0,1.926854536,0,0,7.138983144,0,17.55871432,26.02147365,1.706626507,36.87727028,45.8075725,0,0.922637172,0,0,2.76943299,0.832795177,0,2.388528863,2.554048431,36.60336846,1.881420486,30.00755565,0.774543097,0,0,20.88838799,9.817476704,3.015169293,8.957764218,8.035467717,0,23.70908986,43.86265425,4.502683709,8.300543618,0,0,0,0.806952236,0,0,3.004290663,2.229101407,0,13.29730084,0.955011531,3.153476991,0,4.216191392,0,142.1883978,5.041731216,1.83863371,0,0,0,3.93790992,10.85154653,1.509273724,0,0,0,0,0,0,0,0,0,0,0,0,0,0,0,0,0,0,0,0,0,0,0,0,0,0,0,0,0,0,0,0,0,0,0,0,0,0,0,0,0,0,0,0,0,0,0,0,0,0,0,0,0,0,0,0,0,0,0,0,0,0,0,0,0,0,0,0,0,0,0,0,0,0,0,0
YP_195816,0,0,0,0,0,0,0,0,0,0,0,0,0,0,0,0,0,0,0,0,0,0,0,0,0,0,0,0,0,0,0,0,0,0,0.607945621,0,0,0,0,0,0,0,0,0,0,0,0,0,0,0,0,0,0.157021911,0,0,0,0,0,0,0,0,0,0,0,0,0,0,0,0,0,0,0,0,0,0,59.64148516,0,0,0,3.739844229,48.92321831,28.47364187,86.58626172,70.76297989,0,28.02507308,72.93637385,17.35810696,0,10.38049554,10.29381799,0,39.11710361,0,11.67863163,1.324701074,0,2.012025223,2.769281429,9.429410912,47.45054183,115.828713,0,8.342279371,0,5.85127099,7.293287154,2.05694609,14.91608426,0,36.8734696,75.79901155,23.30342067,3.432256378,15.07966057,0,0,0,0,4.844518924,1.919598238,0,22.53626381,0.473866925,3.416459832,15.56196676,11.09658435,7.021944207,0,5.765037141,2.135420647,294.0906418,9.93098039,17.06783861,12.37212098,26.87853938,12.54861541,6.747343524,0,8.795525442,0,2.576016986,6.535316179,15.1016038
P06571,8.536205742,8.536205742,0,14.74929061,4.642992332,0,0,0,0,0,3.375859528,54.44195015,64.95311669,45.08348965,81.74353067,1.741462844,3.3157315,23.01141665,0,0,0,0.212933382,0.889625649,79.29902341,0,0.250712327,44.47213263,30.48428566,0,8.20135081,9.241379306,0,0.730287819,0.214214666,0,0,2.476746205,68.56785959,109.2924768,36.3696613,16.83274817,2.325131064,3.701514948,0,1.106259015,0,0.580969509,40.57389998,0,22.90515327,22.17076155,2.547544466,0,0,0,4.246787727,9.303788706,171.252325,78.63173301,80.17365406,8.739000774,4.062504959,0,0,0.726613831,102.8407053,0,26.81476316,0,0,0,0,0,0,0,0,0,0,0,0,0,0,0,0,0,0,0,0,0,0,0,0,0,0,0,0,0,0,0,0,0,0,0,0,0,0,0,0,0,0,0,0,0,0,0,0,0,0,0,0,0,0,0,0,0,0,0,0,0,0,0,0,0,0,0,0,0,0,0,0,0,0,0,0
BAC77251,97.6534238,97.6534238,0.772689722,5.241111023,12.25166563,0,0,0,1.02363237,4.932747613,22.01854732,5.228086925,8.596838649,15.8526131,19.15184645,31.45081896,6.553445787,14.57389721,10.26721453,1.87381473,6.716798613,17.78419603,3.923249113,18.79716202,2.020916296,1.083077251,4.585975416,136.7249337,0.292826948,0.978338653,12.2322257,0.537016547,0,0,1.621188322,4.331589722,36.18203151,12.71718146,2.593516477,16.24438286,44.07519805,66.084684,0.906346656,3.506979679,6.814555531,14.37735938,1.115461457,55.94868834,3.011755136,174.4747993,0.986672302,16.04953013,0,0.570275995,0.331070664,1.380890977,7.089366426,12.27754933,5.450434132,10.52230278,18.28467854,0,2.025210119,2.359428703,7.768162411,15.39880295,1.484948473,11.77233505,0,0,0,0,0,0,0,0,0,0,0,1.675450214,0,0,2.953329857,4.245778794,0,0,0,0,0,0,0,0,0,0,4.130547609,9.399618058,0,0,0,1.548937899,0,1.255433792,4.389600772,0,13.58826273,0,0,0,0,0,0,0,0,0,0,0,0,3.50539568,0,2.893792638,0,1.67138771,0,0,0,0,0,0,0,0,3.587506687,0,0,0,0,0,0,1.321928527,0,0,0,0,0,6.823414136
YP_001965484,13.25758403,13.25758403,31.29393375,15.83252288,5.955670792,1.264809856,12.20994348,8.213828697,3.554279063,12.52455449,41.55285919,6.970782566,25.79051595,5.779598527,2.672350667,34.37647654,14.22188756,15.1390899,8.624460201,4.497155352,17.59161541,31.27565509,7.846498227,5.76042062,1.255227513,0.564102735,4.777057725,25.44369932,12.2987318,13.69674114,11.76175548,2.685082736,18.12441588,13.26417209,11.14566971,5.478945332,10.17619636,10.94269102,38.27237856,12.18328714,11.94345402,35.78472261,11.80138875,24.27909008,7.743813104,3.523862593,3.776301808,36.64639086,1.309458755,17.05392775,40.78245514,6.687304222,5.652788799,8.269001924,7.283554608,7.940123117,5.27482621,2.192419524,10.0402734,17.28664028,24.78851181,41.1853951,0.90411166,19.17035821,10.26507176,9.829023159,0.464046398,26.94556689,0,0,0,0,0,0,0,0,0,0,0,0,0,0,0,0,0,0,0,0,0,0,0,0,0,0,0,0,0,0,0,0,0,0,0,0,0,0,0,0,0,0,0,0,0,0,0,0,0,0,0,0,0,0,0,0,0,0,0,0,0,0,0,0,0,0,0,0,0,0,0,0,0,0,0,0
CAA30357,0,0,0,0,0,0,0,0,0,0,0,0,0,0,0,0,0,0,0,0,0,0,0,0,0,0,0,0,0,0,0,0,0,0,0,0,0,0,0,0,0,0,0,0,0,0,0,0,0,0,0,0,0,0,0,0,0,0,0,0,0,0,0,0,0,0,0,0,0,0,0,0,8.093890751,190.6102349,0,85.5855312,0,0,0,1.675450214,0,37.67131312,79.98601697,22.11343122,0,0,0,2.681730008,0,0,14.41134519,7.903226321,6.381391902,0,2.86843584,0,0,0,13.55305106,12.90781583,7.330842137,136.0053275,0,0,0,3.378686661,18.61601472,5.759449051,36.00434132,0,0,0,0,1.399807951,0,0,0,0,0,0,3.657131489,0,6.886080607,0,0,4.961786504,0,4.475908145,0,0,33.63287519,2.092494864,0,24.91655272,21.3419087,22.85219947,0,0,0,5.805046792,12.29494931,0,2.396282599,0
ZP_01786164,0,0,0,0,0,0,0,0,0,0,0,0,0,0,0,0,0,0,0,0,0,0,0,0,0,0,0,0,0,0,0,0,0,0,0,0,0,0,0,0,0,0,0,0,0,0,0,0,0,0,0,0,0,0,0,0,0,0,0,0,0,0,0,0,0,0,0,0,0,0,0,0,17.59541468,78.19907071,0,21.09425159,35.80933776,9.7500993,41.90105067,0,0,27.75780967,15.54384135,18.4599078,0,0,0,0,0,0,0,0,60.4552917,11.36760004,0,2.182573852,15.76243638,3.674133016,11.41309563,38.72344748,14.66168427,20.92389653,4.771305187,0,73.84925397,2.133907365,9.797902487,2.999713047,10.8013024,0,18.77194816,11.2659707,0,0,0,0,0,32.28653916,7.370599453,3.014367331,8.020025194,0,0,0,26.43261028,21.65143202,14.34020131,28.64581213,0,6.579661954,22.4219168,6.607878519,4.107439798,16.09992637,1.953492787,16.89075613,7.444093887,0,2.595892947,6.309833469,0,2.594549483,6.306006839,15.71180887
YP_001969930,50.22269158,50.22269158,23.1889293,5.976705553,9.817877041,0,0,5.526070664,0,2.907184037,1.659561197,0,1.860787586,0.933778674,11.07200425,38.90187568,3.234948752,4.625833026,3.879442409,0.20975538,4.997618015,0,3.363482049,0.199460548,3.420260789,0,1.43670909,12.55422811,27.29253294,2.382442909,14.26541274,0,0,2.395906055,0,1.164095496,2.085117073,0.429591901,1.672406458,1.058299891,34.37470482,9.571377544,2.072785273,4.234135384,2.028141527,0,6.429684939,15.80950576,2.929879064,9.090579824,12.27642643,9.413707122,0,3.400199689,0,6.633944525,0.824935227,1.085015161,1.024517694,33.41387348,0.240082439,4.921318089,1.506852767,0,3.843871746,6.466462605,0,1.529297256,0,0,0,0,0,0,0,0,0,0,0,3.241198331,0,0,0,0,0,2.753896856,0,5.180484835,0,0,0,0,40.8073219,0,0,0,0,0,0,0,0,0,0,0,19.73774837,3.790074275,0,0,0,0,0,4.792241269,0,0,0,0,0,0,0,0,0,0,0,0,1.888043592,0,0,1.442979342,0,0,86.32517646,0,6.624404787,0,0,0,0,3.08934593,0,0,0,1.658243513,0,2.899202827
ABF69686,1.8655137,1.8655137,8.915650641,6.047435796,11.78044772,1.824244985,22.79005287,6.739551751,3.937047578,0,4.949223924,0,4.508831459,0,0,29.53788901,6.30139018,22.12636217,14.21614319,8.648375678,25.83384082,8.844925083,9.700341214,6.996462291,8.327951769,0,2.204795873,8.065416099,3.378772473,11.28852292,10.85700506,6.196344776,4.826027896,8.898147645,11.22361146,3.569991529,8.349699579,8.531204018,6.650042248,8.51978122,5.334545219,30.8710763,1.742974339,17.11987121,8.935168966,4.87919436,11.26187048,3.227808943,1.73755104,5.676233349,11.38468041,2.057632068,3.478639261,11.51518836,11.46013837,7.966678713,3.895256278,6.071315604,13.23992097,6.504170673,12.4104153,5.091601043,0,10.88967094,8.002914572,5.670590284,0,4.527821172,0,0,0,0,0,0,0,0,0,0,0,9.666058929,0,0,0,0,0,0,0,0,0,0,33.25695043,0,17.67154681,0,0,6.379831261,0,0,12.51050867,0,0,0,0,0,0,0,0,0,0,0,0,0,0,0,0,0,0,0,0,0,0,0,0,5.24898748,0,0,0,0,0,0,0,0,0,0,4.282657264,0,0,0,0,0,0,0,0,9.841462696
YP_002937728,3.674496681,3.674496681,1.207327691,4.003626476,36.15942981,10.06098749,43.2061419,12.47285098,2.487995344,24.0856817,7.148879001,14.15940209,5.698661983,8.772604908,5.061270204,5.402492687,5.585323114,10.45973484,6.066990401,2.342268413,26.98713728,0.638800145,0,11.36925122,0,3.948719144,7.382725576,0,0.332757895,9.264570576,33.32497386,18.18024769,12.78003684,22.65320088,1.842259457,20.62661772,14.07079003,12.43487616,3.274642016,4.038021307,3.152231266,1.6721833,1.716565637,2.248063897,20.81149772,7.368076331,2.535139676,3.814683296,0,1.024875466,11.64821467,5.67407631,15.07410346,27.028706,22.0713776,7.453672887,20.39599468,12.05830738,3.585811929,2.348728298,1.260432804,0.459658427,2.410964428,3.686607349,2.522130653,5.119282895,15.77757753,6.812693893,0,0,0,0,0,0,0,0,0,0,0,0,0,0,0,0,0,0,0,0,0,0,0,0,0,0,0,0,0,0,0,0,0,0,0,0,0,0,0,0,0,0,0,0,0,0,0,0,0,0,0,0,0,0,0,0,0,0,0,0,0,0,0,0,0,0,0,0,0,0,0,0,0,0,0,0
NP_414593,170.6945035,170.6945035,12.25901963,2.015811932,3.534134316,0,10.35911494,0,0,1.778634957,0,2.010802663,2.25441573,2.858043228,12.84783975,5.274623037,0.787673773,11.06318108,17.77017899,0,0,0,0,0,1.665590354,0,0,0,10.13631742,0,6.333252951,2.323629291,0,0,0,7.139983057,0,0.853120402,2.493765843,2.129945305,13.33636305,6.945992168,0.871487169,1.556351928,0,0,0,0,0,0,0,0,0,4.11256727,2.865034592,0,1.947628139,4.047543736,0,42.27710937,0,0.848600174,0,0,0,0.945098381,5.996907296,0,0,0,0,0,0,0,0,0,0,0,0,0,0,0,0,0,0,0,0,0,0,0,0,0,0,0,0,0,0,0,0,0,0,0,0,0,0,0,0,0,0,0,0,0,0,0,0,0,0,0,0,0,0,0,0,0,0,0,0,0,0,0,0,0,0,0,0,0,0,0,0,0,0,0,0,0
AAA22905,7.207428543,7.207428543,108.1867281,0,6.287038941,2.662757592,12.64466283,0,0,0,0.28595516,0,0,0,0,0,0,55.14665816,77.98760001,0,7.449081168,0,0,0.598381643,0,0,0.191082309,8.064284111,31.63301632,0,1.403156794,0.134254137,16.26794737,0,0,0,4.418016479,1.323084974,0.144084249,8.034751569,1.070652584,0,0,58.2840145,32.27132219,0,0,9.997147206,0,8.285309028,0,0,0,0,0,0,0.666293837,0,0,11.36290027,0,0,1.576009379,0,0,2.103755834,0,3.765770334,0,0,0,0,0,0,0,0,0,0,0,0,0,0,0,0,0,0,0,0,0,0,0,0,0,0,0,0,0,0,0,0,0,0,0,0,0,0,0,0,0,0,0,0,0,0,0,0,0,0,0,0,0,0,0,0,0,0,0,0,0,0,0,0,0,0,0,0,0,0,0,0,0,0,0,0
NP_418504,160.0610754,160.0610754,8.915650641,0.727932087,0,0,1.197053282,0.561629313,0,0,0,0,2.664309499,0,9.353227336,1.406566143,1.050231697,11.50570833,8.898252589,0,0,0,0,0.473718801,0,0,0,0,13.66525756,2.844007712,3.015834739,1.220492153,0,0,2.701980536,0,0,2.274987738,1.729010985,0.643936953,9.106445878,15.95005609,1.5735185,0.843023961,0,0,0,0,0,0,0.986672302,0,0,3.801839965,3.762166636,0,1.012766632,1.052361371,0,31.56690833,0,0,0.482192886,0,0,1.890196761,0,0.456292056,0,0,0,0,0,0,0,0,0,0,0,0,0,0,0,0,0,0,0,0,0,0,0,0,0,0,0,0,0,0,0,0,0,0,0,0,0,0,0,0,0,0,0,0,0,0,0,0,0,0,0,0,0,0,0,0,0,0,0,0,0,0,0,0,0,0,0,0,0,0,0,0,0,0,0,0
YP_002382193,114.3533988,114.3533988,12.73328271,1.397629606,3.675499689,0.638992479,11.59645367,0,4.094529481,0.6230163,0,0.530069924,3.142405037,8.923975345,4.778682617,3.718023172,1.10930723,23.0273968,8.590236153,0,0,0,0,7.592133317,7.650611692,1.083077251,5.732469271,0.145625568,4.752337339,1.50827209,4.286506442,0,0.557674335,0,4.390718372,1.237597063,0,1.528033431,2.455435738,4.807168223,4.706748277,7.770078399,2.146279234,1.781590638,0,0,0,0.839230325,0.614900007,0,1.349822524,12.66129599,3.617784831,3.053352722,0.993211992,0.172611372,0.168794439,10.02666529,0.860594863,13.81052239,5.260206235,1.20124069,0,0,0,5.132934316,4.479594561,10.73680558,0,0,0,0,0,0,0,0,0,0,0,0,0,0,0,0,0,0,0,0,0,0,0,0,0,0,0,0,0,0,0,0,0,0,0,0,0,0,0,0,0,0,0,0,0,0,0,0,0,0,0,0,0,0,0,0,0,0,0,0,0,0,0,0,0,0,0,0,0,0,0,0,0,0,0,0
ZP_03552050,4.526979911,4.526979911,0,2.445851811,6.125832815,16.7587306,9.696131586,5.548897609,5.118161851,1.541483629,7.434834161,0,3.516888538,5.614467141,7.571660224,9.508387129,7.09956627,7.670472218,12.73134601,0,3.19847553,5.825857321,0,16.97808183,0,0,8.789786215,9.786038201,0,0,6.586583069,12.61988886,21.19162472,0,8.754416938,2.165794861,14.23159906,0,0.576336995,7.014619871,19.72596276,33.17611667,0,12.13954504,0.929257572,5.356271142,0.557730729,25.17690975,0,8.526963875,0.657781535,6.063155828,1.205928277,10.5501059,0,0,0,3.507871238,0,7.891727083,5.646738962,0,0.289315731,1.651600092,0,10.81192548,0,9.417868038,0,0,0,0,0,0,0,12.02372341,0,0,0,0,0,0,0,4.245778794,0,0,0,0,0,0,0,0,0,0,2.753698406,0,0,0,0,0,0,6.27716896,0,0,0,0,0,0,0,0,0,0,0,0,0,0,0,0,0,0,0,0,0,0,0,0,0,7.734369275,0,0,0,0,0,0,0,0,0,0,0,0,0,0,0,0
ZP_04405450,34.64525442,34.64525442,10.34852307,0,2.268826968,0,0,1.622484681,0,0.856379794,0.634515888,0.154677128,0,0,1.964963726,3.918291399,0,0,1.140801614,0.332629834,7.1077234,0,4.503729849,0,5.155398714,0,0,0.499287663,18.30168423,0,0.695961863,0,0,2.203350845,0,0.45499892,3.876646233,1.056244307,0,0.659268785,5.13696947,1.96727447,0,1.926911911,3.871906552,0,1.991895459,0,1.202919951,1.822000828,0,8.91640563,0,0.759243188,0.293849702,3.698815117,1.875493764,0,0,24.82941344,0,0,0.850928622,0,1.981674084,0,0,0,0,0,0,0,0,0,0,0,0,0,0,2.991875383,0,0,2.62129869,0,0,9.288291172,0,0,0,0,10.29381799,0,54.69764487,0,0,0,0,0,0,0,0,0,0,0,39.96547862,9.009831095,0,0,0.766956383,0,0,5.6996479,0,0,0,0,0,0,0,0,0,0,0,0,0,0,0,0,0,0,70.46888136,3.692637996,12.5639335,0,0,0,0,0,0,0,0,0,0,0
YP_403947,144.4077196,144.4077196,10.53667803,0.397053865,0.928156487,0.718641964,5.305122501,0,0,0,0,0,2.664309499,0.750597211,7.591905305,1.662305442,0.930887186,3.486578281,9.333831387,0,0,0,0,0.344522764,0,0,0,0,3.660336846,0,1.782084164,0,0,0,1.473807565,0,0.274106299,1.68038867,0.982392605,0.839069363,6.304462531,12.46536642,2.403191891,1.226216671,0,0,0,0.635780549,0,0,1.121218525,0.405291165,0,2.268143161,0,1.176895719,0,2.391730389,0,22.63319997,0.611118935,0,0,0,0,2.2338689,0,0,0,0,0,0,0,0,0,0,0,0,0,0,0,0,0,0,0,0,0,0,0,0,0,0,0,0,0,0,0,0,0,0,0,0,0,0,0,0,0,0,0,0,0,0,0,0,0,0,0,0,0,0,0,0,0,0,0,0,0,0,0,0,0,0,0,0,0,0,0,0,0,0,0,0,0,0
YP_001598107,114.5218132,114.5218132,8.133576023,0,0,1.248167621,4.725210324,0.912647633,0.897923132,2.890281804,1.191479834,0.458604116,3.663425561,0.688047444,5.567397224,4.155763605,0.310295729,8.074181282,7.00037354,0,3.664919878,0,0.291908416,0,2.952637445,0,0.398088144,12.23254775,0,0,0.98014629,0.839088355,0,0,1.013242701,0.814208594,2.539089931,2.334855836,1.500877591,2.914661996,5.779090654,12.82007196,0,1.967055909,4.890829329,0,2.568496777,0,2.773984994,12.9817559,0,0,0,0.297018747,2.06919165,4.315284303,1.054965242,2.76937203,4.183447251,19.96419054,0.611118935,1.161242343,0,0,0.315266332,2.388998685,0,0.817523267,0,0,0,0,0,0,0,0,0,0,0,0,0,0,0,0,0,0,0,0,0,0,0,0,0,0,0,0,0,0,0,0,0,0,0,0,0,0,0,0,1.800217066,0,0,0,0,0,0,0,0,0,0,0,0,0,0,0,0,0,0,0,0,0,0,0,0,0,1.546515123,0,0,0,0,0,0,0,0,0
Q01911,5.820402743,5.820402743,4.636138333,0,0,0,0,2.086051733,3.655829894,4.771258852,0,0,0,6.799527679,1.060456614,0,0,39.48037171,46.50444226,50.21823477,9.40728097,1.803670997,0,0,5.519309212,2.707693127,2.810033956,2.87824653,0,0,0,0,0,4.082679508,7.45746628,4.419989512,0,0.704162871,0.288168497,7.05805405,0.592727247,0,0,17.85227212,48.28495229,4.560292768,0,0.839230325,16.38749118,1.952143744,0,0,0,2.376149978,5.297130624,0,0,0,0,0,0,2.451511613,56.16128902,3.816722902,0,0,13.53923608,3.139289346,0,0,0,0,0,0,0,0,0,0,0,0,0,0,0,0,0,0,0,0,0,0,0,0,0,0,0,0,0,0,0,0,0,0,0,0,0,0,0,0,0,0,0,0,0,0,0,0,0,0,0,0,0,0,0,0,0,0,0,0,0,0,0,0,0,0,0,0,0,0,0,0,0,0,0,0
NP_417970,123.6468133,123.6468133,12.80929486,1.730020414,0,0.337761723,2.938221693,0.311959555,0,0.154148363,0,0,0.697795345,0,6.817828686,2.912596607,0.58335597,6.793846822,9.231865161,0,0,0,0,0,0.144351164,0,0,0,6.459417964,1.688798865,4.122215254,0.268508274,0,0,0.903233494,0,0,0.927574546,0.7119457,0.3943626,7.932085211,8.556366495,2.312314887,1.361461157,0.154876262,0,0,0.24977093,0,0,1.538738947,0,0,2.785486739,1.158747324,0.44998954,0.301418641,1.936162696,0,25.98974623,0.592785367,0,0,0,0,2.340243609,0,0.364381799,0,0,0,0,0,0,0,0,0,0,0,0,0,0,0,0,0,0,0,0,0,0,0,0,0,0,0,0,0,0,0,0,0,0,0,0,0,0,0,0,0,0,0,0,0,0,0,0,0,0,0,0,0,0,0,0,0,0,0,0,0,0,0,0,0,0,0,0,0,0,0,0,0,0,0,0
YP_672241,127.0787932,127.0787932,7.787263607,0.983857683,0,0.158101232,1.59712109,0,0,0.240856817,0.28595516,0.174269564,0.257082495,0,0.293020907,2.445666882,1.085055169,4.72339605,4.03123265,0.292783552,0,0,0,0.151590016,0,0,0,0,5.563712006,1.253496399,3.930386623,0.35330036,0,0.462703678,0.426628506,0,0,1.663584783,1.001006359,0.427483759,2.928072598,9.013067985,0.670815782,0.916973431,0,0,0,0.419615163,0,0,0.946642833,0,0,3.671151716,0.993756516,0.884633282,0.263741311,2.444547769,0,11.92659506,0.134446166,0.900930518,1.284790254,0,0,1.138097418,0,0.376490978,0,0,0,0,0,0,0,0,0,0,0,0,0,0,0,0,0,0,0,0,0,0,0,0,0,0,0,0,0,0,0,0,0,0,0,0,0,0,0,0,0,0,0,0,0,0,0,0,0,0,0,0,0,0,0,0,0,0,0,0,0,0,0,0,0,0,0,0,0,0,0,0,0,0,0,0
YP_405004,114.7912763,114.7912763,12.74938042,1.397629606,0,0.687396661,1.795579923,0.317442655,0,0,0,0.348539128,2.344592359,0,6.235484891,2.559950381,0.29680461,10.73866111,4.10688581,0,0,0,0.304600086,0,0.577404656,0,0.382164618,0,4.685231163,1.772352632,2.19552769,0,0,0.308469118,1.621188322,0.309399266,0.482427087,0.964396976,1.729010985,0,5.239708859,6.107104225,1.51057776,0.586451451,0.336687526,0,0,0,0,0,1.315563069,0.356656225,0,2.789393453,0.993211992,0,0.366944432,1.143871056,0,17.6624368,0,0.319762384,0,0,0,1.310536421,0,0,0,0,0,0,0,0,0,0,0,0,0,0,0,0,0,0,0,0,0,0,0,0,0,0,0,0,0,0,0,0,0,0,0,0,0,0,0,0,0,0,0,0,0,0,0,0,0,0,0,0,0,0,0,0,0,0,0,0,0,0,0,0,0,0,0,0,0,0,0,0,0,0,0,0,0,0
YP_187539,7.952165459,7.952165459,22.06185992,33.15774355,3.79726915,0,0,1.554997111,0,0.059491221,8.491592982,1.452246368,0.150809972,0.169946538,0,0.188185522,3.782095107,0,0.052833008,0,6.688635935,0,0.090126098,2.799518312,0,0.139332408,0.147490633,17.62693845,7.324859326,20.49626004,0.403490754,0.397235654,0.035870991,4.867780255,0.125134605,0,4.671874661,0.057069804,1.460202006,0.142483477,0,0.137675469,0.427522008,0.138816982,6.836162054,0,0,1.65142998,0,23.218791,8.903932436,0.275292112,0,2.816328705,1.485937514,3.187734316,0,0.045126988,11.46270697,0.048344322,0.190254008,0.548751742,0,0.060705713,0,3.594327842,2.68504834,4.629359885,0,0,0,0,0,0,0,0,0,0,0,0,0,0,0,0,0,0.807746762,0,0,0,0,0,0,0,0,0,0,0,0,0.27896503,0,0,0,0,0,0,0,0,0,0,0,0,1.927582466,1.099217956,0,0,92.48431213,0,0,0,0,0,0,0,0,0,0,0,0,0,0,0,0,0,0,0,0,0,0.510178248,0,0,0,0,0,0
NP_418166,113.5259714,113.5259714,8.398801328,1.519162615,0.425405057,0,1.951717308,0,0,0,0,0,0.424744993,0,5.809457973,1.987539116,0.89041383,1.66749396,11.16001579,0,0,0,0,0,0,0,0.830792648,0,6.04751305,1.063411579,2.72736359,0.875570457,0,0,0.352432244,0.6726071,0,0.964396976,0.626453255,0,7.705454205,3.901761033,0.32838647,0.879677177,0,0,0,0,0,0.356478423,0.685189099,0,0,3.71919127,2.519015922,0,0.366944432,0.762580704,0,21.64914779,0,0.639524769,0,0,0,0.712248055,0,0.853067757,0,0,0,0,0,0,0,0,0,0,0,0,0,0,0,0,0,0,0,0,0,0,0,0,0,0,0,0,0,0,0,0,0,0,0,0,0,0,0,0,0,0,0,0,0,0,0,0,0,0,0,0,0,0,0,0,0,0,0,0,0,0,0,0,0,0,0,0,0,0,0,0,0,0,0,0
YP_002382998,112.6692545,112.6692545,5.231753327,1.273881151,0.638107585,0.247033175,1.683356178,0,0,0.321142423,0,0.363061592,3.052854634,0,7.423196298,3.428504974,0.995532129,4.594293256,7.807361045,0,0,0,0,0,1.127743469,0,0,0.873753411,3.507822811,0.594476612,2.61372344,0.629316266,0,0,1.097679593,1.289163608,0,1.232285025,0.900526554,0.192286729,6.581742133,6.131338766,2.202925901,0.21075599,0,0,0,0,0,0,1.199080922,0.185758451,0,3.192951533,0.68973055,1.70813337,0.439568851,0.822157321,0.747044152,16.53896177,0.770264491,0,0,0,0,0.597249671,0,0.681269389,0,0,0,0,0,0,0,0,0,0,0,0,0,0,0,0,0,0,0,0,0,0,0,0,0,0,0,0,0,0,0,0,0,0,0,0,0,0,0,0,0,0,0,0,0,0,0,0,0,0,0,0,0,0,0,0,0,0,0,0,0,0,0,0,0,0,0,0,0,0,0,0,0,0,0,0
NP_416758,108.182694,108.182694,10.23813882,0.561773676,0,0.501799563,3.651337797,0.609489898,0,0,0,0,1.563061573,0.358981275,4.386140769,1.500923289,0.723461237,5.369330553,7.118602071,0,0.159923776,0,0.14011604,0.151590016,0,0,0,0.30391423,5.856538954,0.843639853,2.077910135,0.134254137,0,0,0.824691451,0,0.246238826,1.47874203,1.182691542,0.36919052,4.873699785,8.724434607,3.152510109,1.213954504,0.154876262,0,0,0.304068958,0,0,1.050126771,0.728173126,0,1.952575417,1.237016747,0.734849139,0.843972194,1.082864599,0,17.85033507,0,0.147090697,0,0,0,1.531333318,0,0.670369079,0,0,0,0,0,0,0,0,0,0,0,0,0,0,0,0,0,0,0,0,0,0,0,0,0,0,0,0,0,0,0,0,0,0,0,0,0,0,0,0,0,0,0,0,0,0,0,0,0,0,0,0,0,0,0,0,0,0,0,0,0,0,0,0,0,0,0,0,0,0,0,0,0,0,0,0
YP_001096379,24.24607258,24.24607258,11.98978198,0,0.931674832,0,0,0.710563402,0,1.771794053,0.571064299,0.154677128,0,0.821582967,5.143768533,2.663649043,0,0,3.025771662,0.083157458,8.401321172,0,1.815899212,0,2.931799367,0,0,0.163828765,9.992151047,0,1.116438822,0.157329067,0,0,0,1.228539595,2.082072523,3.357794402,0,0.2428885,6.035559174,3.624197569,0,1.333748708,3.516790862,0,1.47057907,0.186219747,3.258952402,0.870713258,0,7.661711716,0,0.779674212,0.193986717,3.309475156,1.909003302,0.878102938,0,21.59327335,0,0.17237191,0.45205583,0,3.026743332,0.51192829,0,0.28820814,0,0,0,0,0,0,0,0,0,0,0,4.58130918,0,0,5.007090076,0,0,12.00221375,0,1.713768289,0,0,0.639556739,0,33.41734813,0,0,0,0,0,0,0,0,0,0,0,0,5.9601832,0,0,0,0,0,5.324931465,0,0,0,0,0,0,0,0,0,0,0,0,0,0,0,1.0756084,0,0,51.46509859,1.749872046,11.33742247,0,1.858220279,0,0,3.121186184,0,0,0,0,0,0
YP_691152,100.5790231,100.5790231,7.487731356,1.738717784,0,0,5.566297762,0,0.170605395,0,0.34042281,0.348539128,2.093386035,0,4.740241065,3.064974606,0.598131957,10.50124173,2.904154966,0,0,0,0.166804809,0.151590016,0,0,0,0,4.078661057,2.337142337,3.778697316,0.268508274,0,0.308469118,0.385997219,4.419989512,0,1.999822554,0.631226232,0.879025046,6.71475295,7.376717185,0.330888462,0.937763797,0,0,0,0.699358604,0,0,0.978841569,0.178328113,0,2.885324974,1.08780361,0.821958915,0.803783042,1.954385404,0,16.56188983,0.134446166,0.525323917,0,0,0,1.372942917,1.591016221,1.220834746,0,0,0,0,0,0,0,0,0,0,0,0,0,0,0,0,0,0,0,0,0,0,0,0,0,0,0,0,0,0,0,0,0,0,0,0,0,0,0,0,0,0,0,0,0,0,0,0,0,0,0,0,0,0,0,0,0,0,0,0,0,0,0,0,0,0,0,0,0,0,0,0,0,0,0,0
YP_410370,87.57550423,87.57550423,11.72332685,0.970576115,0,0.658755133,3.220333558,0.881785153,0,0,0,0.484082123,0.424744993,0,8.552813127,1.987539116,0.972859555,9.727048103,5.468407736,0,0,0,0,0,0,0,0.207698162,0,11.17552119,1.033872369,1.988702617,1.118784473,0,0.16764626,1.458677898,0.429721203,0,0.205380837,3.001755181,0,8.180065515,7.415769416,2.098024667,1.124031948,0.21510592,0,0,0,0,0,1.221424045,0.247677934,0,2.780784214,0.919640733,0.71921405,1.202762305,1.599301198,0,21.96685017,0.292274273,0.932640288,0,0,0,1.800404806,0,1.176917554,0,0,0,0,0,0,0,0,0,0,0,0,0,0,0,0,0,0,0,0,0,0,0,0,0,0,0,0,0,0,0,0,0,0,0,0,0,0,0,0,0,0,0,0,0,0,0,0,0,0,0,0,0,0,0,0,0,0,0,0,0,0,0,0,0,0,0,0,0,0,0,0,0,0,0,0
NP_414995,98.69085669,98.69085669,9.658621528,2.547762303,1.27621517,0,0.748158301,0,0,0,0,0,1.221141854,0,4.639497687,2.285669983,0,3.995037614,2.994604237,0.390378069,0,0,0,0,0,0,0,0,6.710617551,0.339700921,1.63357715,0,0,1.285287993,0.337747567,2.900618117,0,1.848427537,2.101228627,0.384573458,2.889545327,5.016549899,2.202925901,0.281007987,0,0,0,0.291399418,0,1.024875466,0.685189099,0,0,3.861243715,0.344865275,0.71921405,0,1.461613016,0.896452982,23.09582827,0,0.612877903,0.602741107,0,0,0.341285526,0,0.545015511,0,0,0,0,0,0,0,0,0,0,0,0,0,0,0,0,0,0,0,0,0,0,0,0,0,0,0,0,0,0,0,0,0,0,0,0,0,0,0,0,0,0,0,0,0,0,0,0,0,0,0,0,0,0,0,0,0,0,0,0,0,0,0,0,0,0,0,0,0,0,0,0,0,0,0,0
ZP_04635523,101.5758691,101.5758691,3.779460598,0.759581308,0,0,1.171030385,0,0.370881294,0.335105137,0,0.378846879,1.69897997,0,5.325336475,1.987539116,0.59360922,2.501240941,7.142410105,0,0.347660384,0,0,0.659087027,0,0,0,0,4.137772087,2.835764211,2.045522692,0.291856819,0,0,2.467025707,0,0,1.607328293,1.252906511,1.203882129,4.020236976,9.015249094,0.656772939,1.759354354,0,0,0,0.912206875,0,0,0.357489964,1.16300943,0,1.859595635,1.799297087,1.12572634,0.733888864,2.287742112,0,11.43728563,0.292274273,0.319762384,0,0,0,0.356124028,2.582519084,0.568711838,0,0,0,0,0,0,0,0,0,0,0,0,0,0,0,0,0,0,0,0,0,0,0,0,0,0,0,0,0,0,0,0,0,0,0,0,0,0,0,0,0,0,0,0,0,0,0,0,0,0,0,0,0,0,0,0,0,0,0,0,0,0,0,0,0,0,0,0,0,0,0,0,0,0,0,0
ZP_03064513,87.08557134,87.08557134,11.41473453,1.985269327,0,0.359320982,1.632345385,0,0,0,0.324949046,0.792134383,1.776206333,0,9.616413387,0.415576361,0,6.973156562,8.400448248,0,0,0,0,0.344522764,0,0,0,0,7.653431587,1.482331292,1.425667331,0.305123038,0,0,0.368451891,0,0.274106299,1.68038867,0.327464202,0.419534681,5.603966694,10.94519978,0.686626255,0.919662503,0,0,0,0.635780549,0,0,0.747479017,0,0,0,1.128649991,1.176895719,0,0,0,23.06024148,0.611118935,1.002891114,0,0,0,3.723114833,0,0.891843564,0,0,0,0,0,0,0,0,0,0,0,0,0,0,0,0,0,0,0,0,0,0,0,0,0,0,0,0,0,0,0,0,0,0,0,0,0,0,0,0,0,0,0,0,0,0,0,0,0,0,0,0,0,0,0,0,0,0,0,0,0,0,0,0,0,0,0,0,0,0,0,0,0,0,0,0
ZP_03958019,0,0,4.390282513,0,0,5.74913571,0,16.59359333,1.550958137,7.707418145,0,0.792134383,0,0,0,3.324610884,8.6882804,1.74328914,12.1339808,0,0,0,0,5.51236423,0,0,3.372040747,0,21.29650529,0,0,3.051230382,0,4.206397068,0,2.109540449,0,4.349241264,1.695108808,1.678138725,14.00991674,12.16133309,9.612767566,4.291758348,0.703983009,0,0,19.70919703,0,0,0,0,0,38.88245419,7.524333272,0,24.55191836,0,9.127521274,9.394913194,10.28117738,2.005782229,0,0,0,2.978491866,0,0.769433663,0,0,0,0,0,0,0,0,0,0,0,0,0,0,0,0,0,0,0,0,0,0,0,0,0,0,0,0,0,0,0,0,0,0,0,0,0,0,0,0,0,0,0,0,0,0,0,0,0,0,0,0,0,0,0,0,0,0,0,0,0,0,0,0,0,0,0,0,0,0,0,0,0,0,0,0
ZP_03030716,99.62426574,99.62426574,1.728384905,0.459746581,0,0.208027937,1.643551417,0,0,0,0,0,0,0,6.812736077,0.679947592,1.401230185,0,0,0,0,0,0,0,0,0,0,0,0,1.591741459,0,0.611509526,0,0,1.409728975,0,0,1.010320641,0.156613314,0,7.867674293,0.782429453,1.096967183,0,0,0,0,0,0,0,0.749026592,0,0,0.649382603,0.952917207,0,0.423043706,0.842852357,0,17.47948323,0,0,0,0,0,0.712248055,0,0,0,0,0,0,0,0,0,0,0,0,0,0,0,0,0,0,0,0,0,0,0,0,0,0,0,0,0,0,0,0,0,0,0,0,0,0,0,0,0,0,0,0,0,0,0,0,0,0,0,0,0,0,0,0,0,0,0,0,0,0,0,0,0,0,0,0,0,0,0,0,0,0,0,0,0,0
YP_310429,88.92281968,88.92281968,4.599343585,0.397053865,0,0.718641964,0,0,0,0,0,0,0.849489985,0,1.452364493,1.662305442,0.273060241,6.973156562,5.866979729,0,0,0,0.28023208,0,0,0,0,0,2.546321284,0.354470526,1.96029258,0,0,0,0.972712993,0.618798532,0,0.591496812,0.576336995,0,1.605302959,3.78058833,1.313545879,1.07907067,0,0,0,0,0,0,0,0,0,1.296081806,1.504866654,0.410979457,0.366944432,1.052361371,0,11.63179729,0,0,0,0,0,0.744622967,0.968444656,0,0,0,0,0,0,0,0,0,0,0,0,0,0,0,0,0,0,0,0,0,0,0,0,0,0,0,0,0,0,0,0,0,0,0,0,0,0,0,0,0,0,0,0,0,0,0,0,0,0,0,0,0,0,0,0,0,0,0,0,0,0,0,0,0,0,0,0,0,0,0,0,0,0,0,0,0
ZP_02902679,87.23867537,87.23867537,5.231753327,0.363966043,0,0,0,0,0,0,0,0,0.407047285,0,1.855799075,0.380944997,0.284437751,3.196030091,2.994604237,0,0,0,0,0,0,0,0,0,3.965364917,2.038205527,0.65343086,0.559392237,0,0,0.337747567,0,0,2.46457005,0.300175518,0,2.889545327,5.295247116,0.6294074,1.124031948,0,0,0,0,0,0,0.342594549,0.743033802,0,1.188074989,0.68973055,0,0.351655081,1.461613016,0,12.91800564,0,0.306438952,0,0,0,0,0,0.545015511,0,0,0,0,0,0,0,0,0,0,0,0,0,0,0,0,0,0,0,0,0,0,0,0,0,0,0,0,0,0,0,0,0,0,0,0,0,0,0,0,0,0,0,0,0,0,0,0,0,0,0,0,0,0,0,0,0,0,0,0,0,0,0,0,0,0,0,0,0,0,0,0,0,0,0,0
ZP_03283366,80.45397971,80.45397971,8.278818452,1.09189813,0,0,0.748158301,0,0,0,0.297869958,0,0.888103166,0,2.120913228,1.741462844,0.650143431,4.565757273,4.705806657,0.780756138,0,0,0,0,0,0,0,0.436876705,4.880449128,1.164688872,2.28700801,0,0,0.321321998,0.506621351,0.483436353,0,1.540356281,0.900526554,0,2.568484735,5.096177675,1.8882222,0.562015974,0,0,0,0,0,0,0.342594549,0.371516901,0,1.188074989,0.376216664,0.539410538,0.351655081,0,0,9.842290013,0.305559468,0.700431889,0,0,0,0.780081203,0.61872853,0.817523267,0,0,0,0,0,0,0,0,0,0,0,0,0,0,0,0,0,0,0,0,0,0,0,0,0,0,0,0,0,0,0,0,0,0,0,0,0,0,0,0,0,0,0,0,0,0,0,0,0,0,0,0,0,0,0,0,0,0,0,0,0,0,0,0,0,0,0,0,0,0,0,0,0,0,0,0
AAN28721,0,0,0,0,0,0,0,0,0,0,0,0,0,0,0,0,0,0,0,0,0,0,0,0,0,0,0,0,0,0,0,0,0,0,0,0,0,0,0,0,0,0,0,0,0,0,0,0,0,0,0,0,0,0,0,0,0,0,0,0,0,0,0,0,0,0,0,0,0,0,14.194224,0,0,27.23003355,0,0,0,0,0,0,0,10.76323232,0,7.581747846,0,0,0,0,0,0,28.30799948,0,0,0,0,0,32.08781691,3.018037834,5.808450454,0,0,2.241846057,0,0,0,0,6.648576687,11.57032175,0,0,0,0,15.25819211,0,0,0,11.47336344,0,0,0,0,0,9.837258011,0,0,0,0,4.603791235,0,0,0,0,3.814051241,0,2.651168782,0,0,5.901466639,0,0,10.53852798,9.17358567,2.139538035,0
ZP_02070590,3.731027399,3.731027399,2.414655382,10.19104921,0,3.952530801,4.439620689,29.97326963,0,0,1.588639778,0.768836312,0,0,0.927899537,0,0,0,0,0,1.26255613,0,8.84943409,0,0,0,1.508544545,7.766696985,6.507265504,14.94684053,0,2.434278305,0,25.06311587,0,0,0,0.974994745,3.325021124,0,2.039679054,0,0.6294074,0,0,0,5.975686378,0.617081121,0,3.644001656,13.01859287,0.938569014,0,12.92521142,0,0.56904848,0.937746882,0.578220534,0,0,0,0.727371578,0,0,3.853255164,0,0,0,0,0,0,0,0,0,0,0,0,0,0,0,0,0,0,0,0,0,0,0,0,0,0,0,0,0,0,0,0,0,0,0,0,0,0,0,0,0,0,0,0,0,0,0,0,0,0,0,0,0,0,0,0,0,0,0,0,0,0,0,0,0,0,0,0,0,0,0,0,0,0,0,0,0,0,0
AAB53259,0,0,0,0,0,0,0,0,0,0,0,0,0,0,0,0,0,0,0,0,0,0,0,0,0,0,0,0,0,0,0,0,0,0,0,0,0,0,0,0,0,0,0,0,0,0,0,0,0,0,0,0,0,0,0,0,0,0,0,0,0,0,0,0,0,0,0,0,0,0,0,0,2.10778405,0,0,0,0,0,0,0,0,9.568916435,7.859001021,13.82554019,0,0,0,0,0,0,0,0,0,0,0,0,0,1.690101187,0,0,0,0,7.274433098,0,0,0,0,0,0,0,0,0,0,0,0,0,0,6.604064828,0,0,0,0,3.664860828,0,28.4370039,4.742884158,0,0,21.36713045,0,3.239492623,0,0,3.442418468,0.488373197,0.60137367,13.87308406,0,0,9.260431787,2.727457219,0,7.225632837,0
YP_002807373,51.50552649,51.50552649,4.724325747,0.55386137,0,0,1.317409183,0.152107939,0,0,0,0,0.434398288,0,1.738436287,0.398260679,0.310295729,4.516129476,3.906005526,0,0,0,0,0,0,0,0,0,1.545033488,0.370582823,1.231962531,0,0,0,0.682837472,0.161145451,0,1.42650386,0.320345415,0,2.282322033,2.271988179,0.164193235,0.42762085,0,0,0,0,0,0,0.178744982,0.565351806,0,1.296081806,0.359859417,0.179803513,0,0.597932597,0,9.922526072,0,0,0,0,0,1.023856579,0,0,0,0,0,0,0,0,0,0,0,0,0,0,0,0,0,0,0,0,0,0,0,0,0,0,0,0,0,0,0,0,0,0,0,0,0,0,0,0,0,0,0,0,0,0,0,0,0,0,0,0,0,0,0,0,0,0,0,0,0,0,0,0,0,0,0,0,0,0,0,0,0,0,0,0,0,0
ZP_02207070,0,0,0,0.379790654,0,1.031094991,0.598526641,0,2.596169055,2.345735957,2.382959667,0.378846879,0,0,1.48463926,0.609511995,2.37443688,0,2.678403789,2.851457198,17.0353588,1.333148128,6.396601815,6.920413788,3.451875661,0,0,0.30391423,0,0.708941053,1.704602244,0.875570457,0.929457224,0,2.819457951,1.008910649,2.097509073,1.285862635,0,0,0,0,1.641932348,1.759354354,8.08050063,0.612845668,13.94326822,8.817999793,5.892564397,0,0.357489964,0,0,0,0.719718835,2.25145268,1.100833296,0,1.559048665,1.878982639,0,1.279049537,0,1.795217492,5.428063797,3.561240275,0,4.265338785,0,0,0,0,0,0,0,0,0,0,0,0,0,0,0,0,0,0,0,0,0,0,0,0,0,0,0,0,0,0,0,0,0,0,0,0,0,0,0,0,0,0,0,0,0,0,0,0,0,0,0,0,0,0,0,0,0,0,0,0,0,0,0,0,0,0,0,0,0,0,0,0,0,0,0,0
CAL18627,38.73531918,38.73531918,4.066788012,0.181983022,0,0.164688783,1.496316603,0,0,0,0,0,0,0,2.319748843,2.285669983,0.359289791,2.397022568,1.497302118,0,0,0,0,0,0,0,0,0,1.677654388,0.339700921,1.30686172,0.139848059,0,0,0.168873784,2.923638896,0,0.462106884,0.568753613,0,2.027751107,1.532834691,0.795040926,0.140503994,0,0,0,0,0,0,0.216375505,0,0,0.594037495,1.059229059,0,0,0.182701627,0,7.169802174,0,0,0,0,0,0.64664626,0.928092796,0,0,0,0,0,0,0,0,0,0,0,0,0,0,0,0,0,0,0,0,0,0,0,0,0,0,0,0,0,0,0,0,0,0,0,0,0,0,0,0,0,0,0,0,0,0,0,0,0,0,0,0,0,0,0,0,0,0,0,0,0,0,0,0,0,0,0,0,0,0,0,0,0,0,0,0,0
YP_001816601,0,0,20.60296865,0.397053865,0,0,19.85048584,1.730474733,0,0,0,0,4.408797861,0,0,18.46346402,0,0,0,0,0,0,0,0,1.874690442,0,0,0,0,7.358716057,0,0,0,0.175266545,5.579414354,0,0,0,7.718799038,0,0,0.760083318,0,0,0,0,0,0,0,0,5.846353737,0,0,4.744585184,1.773592843,1.849407558,0,0,0.488974354,0,0,0,0,0,0,7.020730828,0,0,0,0,0,0,0,0,0,0,0,0,0,0,0,0,0,0,0,0,0,0,0,0,0,0,0,0,0,0,0,0,0,0,0,0,0,0,0,0,0,0,0,0,0,0,0,0,0,0,0,0,0,0,0,0,0,0,0,0,0,0,0,0,0,0,0,0,0,0,0,0,0,0,0,0,0,0
YP_002317674,0.500700647,0.500700647,15.62651105,0.973000132,0.841460551,0,12.26949718,0.120349138,0,0.254090708,0.23567733,0,5.27982212,0,0,1.621204483,0,6.886949956,0.5077194,0.425866984,0.627073749,0,0,0,3.547491143,0,0.86855595,0,0,5.013048958,0,0,0,0,1.068915377,0,0.74701497,0,3.746046526,0,0,9.72238442,0,0,0,0,0,0,0,0,1.425138565,0,1.712966303,1.118048591,1.947231303,0,0.278232591,3.583215125,3.317144702,0.464583619,0.721926215,0,0.895982784,0,0,2.164316205,1.961882473,2.486054771,0,0,0,0,0,0,0,0,0,0,0,0,0,0,0,0,0,0,0,0,0,0,0,0,0,0,0,0,0,0,0,1.27659717,0,0,0,0,0,2.004934942,0,0,3.927746325,0,0,0,0,0,0,0,0,0,0,0,0,0,0,0,0,0,0,0,0,0,0,3.888152295,1.760331342,0,0,0,0,0.544750767,0,0,0,0,0,0
NP_752857,32.33557079,32.33557079,2.897586458,0.198526933,0,0,0.816172692,0,0.193869767,0,0,0.174269564,0.222025792,0,1.113479445,1.828535986,0.273060241,2.684665276,2.669475777,0,0,0,0,0,0,0,0.217138988,0,1.464134738,0.163056442,0.940940438,0,0,0.175266545,0.486356497,0.464098899,0,0.295748406,0.327464202,0,2.003418093,3.344366599,0.302115552,0.539535335,0,0,0,0,0,0,0.186869754,0.356656225,0,0.972061355,0.165535332,0,0,0.398621732,0,6.388540972,0,0,0,0,0,0.327634105,0.445484542,0,0,0,0,0,0,0,0,0,0,0,0,0,0,0,0,0,0,0,0,0,0,0,0,0,0,0,0,0,0,0,0,0,0,0,0,0,0,0,0,0,0,0,0,0,0,0,0,0,0,0,0,0,0,0,0,0,0,0,0,0,0,0,0,0,0,0,0,0,0,0,0,0,0,0,0,0
YP_002398143,22.06902707,22.06902707,1.159034583,0,0,0,0.269336988,0,0,0.462445089,0,0,0.293074045,0,3.006394501,1.645682388,0,2.301141665,2.464131486,0,0,0,0,0,0.433053492,0,0,0.419401637,0,0,0,0,0,0,0.729534745,0,0,0,0,0,1.849309009,4.213901915,0,0.202325751,0,0,0,0.209807581,0.45176327,0.245970112,0,0,0,2.993948973,0.248302998,0.258917058,0,0.789271028,0.645446147,13.528675,0,0,0.433973597,0,0,0,0,0.196205584,0,0,0,0,0,0,0,0,0,0,0,0,0,0,0,0,0,0,0,0,0,0,0,0,0,0,0,0,0,0,0,0,0,0,0,0,0,0,0,0,0,0,0,0,0,0,0,0,0,0,0,0,0,0,0,0,0,0,0,0,0,0,0,0,0,0,0,0,0,0,0,0,0,0,0,0
YP_002773891,1.455100686,1.455100686,2.318069167,3.843481417,0,0.158101232,0.179557992,1.022165349,0.34121079,0.154148363,0.42893274,0,0.195382697,5.779598527,0,1.462828789,1.501831326,0.383523611,0.410688581,0.187381473,1.119466435,1.073184243,0.560464159,0.757950082,0,0,4.012728489,0.699002729,4.392404215,5.38086259,4.861525599,0.939778958,0.557674335,3.547394861,1.296950657,1.237597063,1.206067717,0,0,2.399738377,0.616436336,0,1.359519984,0.674419169,0.154876262,0,0,0.419615163,0,2.295721043,7.071151497,0,0.150741035,0.855413992,0.331070664,1.898725093,0.168794439,0.175393562,0,0.187898264,0.806676995,3.67726742,0,0.23594287,0,0.163817053,0,4.708934019,0,0,0,0,0,0,0,0,0,0,0,0,0,0,0,0,0,0,0,0,0,0,0,0,0,0,0,0,0,0,0,0,0,0,0,0,0,0,0,0,0,0,0,0,0,0,0,0,0,0,0,0,0,0,0,0,0,0,0,0,0,0,0,0,0,0,0,0,0,0,0,0,0,0,0,0
P26825,0,0,0,0,0,0,0,0,0,0,0,0,0,0,0,0,0,0,0,0,0,0,0,0,0,0,0,0,0,0,0,0,0,0,0,0,0,0,0,0,0,0,0,0,0,0,0,0,0,0,0,0,0,0,0,0,0,0,0,0,0.17690285,0,0,0,0,0,0,0,0,0,2.759987999,0,0,0,0,0,0,0,0,0,0,0,0,47.48568388,0,0,0,0,0,0,0,0,0,0,0,0,0,0,0,0,0,0,0,0,0,0,0,0,0,0,0,0,0,0,0,0,0,0,0,0,0,0,0,0,0,0,0,0,0,0,14.12843003,0,0,0,0,0.51936817,0,0,0,0,0,0,0,0
ZP_03832747,0,0,0,0,0,0,0,0,0,0,0,0,0,0,0,0,0,0,0,0,0,0,0,0,0,0,0,0,0,0,0,0,0,0,0,0,0,0,0,0,0,0,0,0,0,0,0,0,0,0,0,0,0,0,0,0,0,0,0,0,0,0,0,0,0,0,0,0,0,0,0,0,2.023472688,0,0,1.001976951,0,0,0,1.675450214,0,0,0,0,0,0,0,1.287230404,0,0,4.323403556,0,0,0,0,1.105837419,0,0,0,0.77446895,0,0,0,0,0,0.810884799,0,0,0,0,8.259657191,2.140534434,0,2.015723449,0,0,6.425083526,3.50539568,3.832711715,0,0,2.507081565,0,0,0,0,0,0.429687182,0,0,0,0,0,1.793991796,0.37116363,0,0,0,0,0,2.146027515,4.566407089,2.396282599,0.852926767
ZP_02422325,0.673657725,0.673657725,0,0,5.104860679,0,2.244474904,0,0,0,0.595739917,0,2.442283707,0.688047444,0,0,0,9.588090273,0.85560121,0,0,0.638800145,2.919084162,4.421375476,1.80438955,0,0,0,0,0,3.2671543,0.559392237,0,0,3.37747567,0,0,0,0,2.307440747,0,0,0,3.372095845,0,0,0,0,0,0,0,1.486067605,0,0,0,0,0,0,1.195270643,0,0,0,0,0,1.155976549,0,0,1.635046534,0,0,0,0,0,0,0,0,0,0,0,0,0,0,0,0,0,0,0,0,0,0,0,0,0,0,0,0,0,0,0,0,0,0,0,0,0,0,0,0,0,0,0,0,0,0,0,0,0,0,0,0,0,0,0,0,0,0,0,0,0,0,0,0,0,0,0,0,0,0,0,0,0,0,0,0
XP_002333050,0,0,0,0,0,0,0,0,0,0,0,0,0,0,9.047020489,2.857087479,0,0,0,0,0,0,0,0,0,0,0,0,0,0,0,0,0,0,0,0,0,0,0.450263277,0,3.302337516,2.866599942,0,0,0,0,0,0,0,0,0,0,0,3.733949966,0,0,0,1.096209762,0,22.81621776,0,0,0,0,0,1.861557417,0,0,0,0,0,0,0,0,0,0,0,0,0,0,0,0,0,0,0,0,0,0,0,0,0,0,0,0,0,0,0,0,0,0,0,0,0,0,0,0,0,0,0,0,0,0,0,0,0,0,0,0,0,0,0,0,0,0,0,0,0,0,0,0,0,0,0,0,0,0,0,0,0,0,0,0,0,0
YP_001966009,0,0,0,1.372425317,0,0,0,5.156459126,0,0,0,1.742695642,0,0,0,0,0,0,0,1.173170962,0.673591993,0,0,0,0,0,0,0,0,0,0,0,0,1.735138791,0,0,0,0.944305372,0,0,0,0,0,0,0,0,0,0,0,0,0.164445384,0,0,2.329861342,0,0,1.822212691,0,2.988176608,0,0,0.313100668,1.293630123,0,0,0,0,0,0,0,0,0,2.023472688,0,0,0,0,0,0,0,0,0,0,0,0,0,0,0,0,0,0,0,0,0,0,0,0,0,2.357052358,2.455291054,0,0,0,0,0,0,0,0,0,0,0,0,0,0,0,0,0,0,0,0,0,0,0,0,3.501871328,11.37974948,0,0,0,0,0,0,0,1.272910846,0,0,0,0,0,0,0,0,0,0
CAA26199,0,0,0,0,0,0,0,0,0,0,0,0,2.075941151,0,0,0,0,22.7717144,0,0,0,0,0,0,0,0,0,0,0,0,0,0,0,0,0,0,0,0,6.603861399,0,0,8.65819353,0,0,0,0,0,0,0,0,0,0,0,0,0,0,0,1.096209762,0,0,0,0,0,0,0,0.307156974,0,0,0,0,0,0,0,0,0,0,0,0,0,0,0,0,0,0,0,0,0,0,0,0,0,0,0,0,0,0,0,0,0,0,0,0,0,0,0,0,0,0,0,0,0,0,0,0,0,0,0,0,0,0,0,0,0,0,0,0,0,0,0,0,0,0,1.483242149,0,0,0,0,0,0,0,0,0,0,0
AAB03644,0,0,13.66005045,0.919493162,0,0,5.524861302,1.123258625,0,0,0,0,1.628189138,0,0,6.329547645,0,0,0,0,0,0,0,0,0.503550572,0,0,0,0,1.881420486,0,0,0,0,1.69659243,0,0,0,1.507858417,0,0,1.719959965,0,0,0.407569111,0,0,0,0,0,0.913585465,0,0,0.375181576,1.154897665,0,0,0,0,0,0,0,1.009240923,0,0,1.890196761,0,0.560587383,0,0,0,0,0,0,0,0,0,0,0,0,0,0,0,0,0,0,0,0,0,0,0,0,0,0,0,0,0,0,0,0,0,0,0,0,0,0,0,0,0,0,0,0,0,0,0,0,0,0,0,0,0,0,0,0,0,0,0,0,0,0,0,0,0,0,0,0,0,0,0,0,0,0,0,0
ZP_03282035,0,0,0,0,0,0,0,0,0,0,0,0,0,0,0,0,0,0,0,0,0,0,0,0,0,0,0,0,0,0,0,0,0,0,0,0,0,0,0,0,0,0,0,0,0,0,0,0,0,0,0,0,0,0,0,0,0,0,0,0,0,0,0,0,0,0,0,0,0,0,0,0,0,0,0,3.005930852,0,0,0,0.837725107,0,0,0,0,0,0,0,0,0,0,0,1.896774317,0,7.199480025,0,0,0,0,0,0,0,0.627716896,0,0,0,0,0,0,0,0,0,0,0,0,0,0,0,0,0,2.170344478,0,0,0,0,0,0,0,0.859374364,5.751319281,0,0,17.57695686,0,0,0,0,0,0,0,0,1.073013758,0.570800886,0,0.852926767
ZP_03835678,12.30157585,12.30157585,2.099700332,0,0,0,0,0,0,0,0,0,0,0,0,0.397507823,0,0,4.017605684,0,0,0,0,0,0,0,0,0,0,0.354470526,0.340920449,0,0,0,0,0,0,0,0,0,0,0.581628974,0.985159409,0,0,0,0,0,0,0,0,0,0,0.309932606,0,0,0,0,0,1.22542346,0,0,0,0,0,0.356124028,0.645629771,1.706135514,0,0,0,0,0,0,0,0,0,0,0,0,0,0,0,0,0,0,0,0,0,0,0,0,0,0,0,0,0,0,0,0,0,0,0,0,0,0,0,0,0,0,0,0,0,0,0,0,0,0,0,0,0,0,0,0,0,0,0,0,0,0,0,0,0,0,0,0,0,0,0,0,0,0,0,0
AAQ16274,0,0,0,0,2.977835396,3.623153234,0,0,0.473903875,0,0,0,0,0.688047444,1.855799075,2.285669983,0,0,0,0,3.128943453,0.333287032,0,0,0,0,0,0,0,0,1.704602244,0,0,0,0,0.322290902,0,0,0,2.692014205,5.13696947,0.83609165,0,0,2.95002404,0,0,0,0,0,0.357489964,7.229518078,0,0,0,0,0,0,0,0.427041509,0.292274273,0,0,0,0,0,0,0,0,0,0,0,0,0,0,0,0,0,0,0,0,0,0,0,0,0,0,0,0,0,0,0,0,0,0,0,0,0,0,0,0,0,0,0,0,0,0,0,0,0,0,0,0,0,0,0,0,0,0,0,0,0,0,0,0,0,0,0,0,0,0,0,0,0,0,0,0,0,0,0,0,0,0,0
P13246,0,0,0,0,0,0,5.011300331,0,0,0,0,0,1.332154749,0.172011861,0,0,0,0,0,0,0,0,0,0,0,0,0,0,0,0,0,0,0,0,0.736903783,0,0,0,0.163732101,0,0,0,0,0,0,0,0,0,0,0,0,0,0,0,0.331070664,0,0,0,0,0,0,0,0.45369967,0,0,1.072257072,0,0.594562376,0,0,0,0,0,0,0,0,0,0,0,0,0,0,3.014857563,0,0,9.513461867,0,0,0,0,0,0,0,0,0,0,0,0,0,0,0,0,0,0,0,2.764379995,0,0,0,0,0,0,0,0,0,0,0,0,0,0,0,0,0,0,0,0,0,0,0,0,0,0,8.834729602,0,0,0,0,2.253287262,0,0,0,0,0,0
ZP_03747831,0,0,0,0,0,0,0,0,0,0,0,0,0,0,0,0,0,0,0,0,0,0,0,0,0,0,0,0,0,0,0,0,0,0,0,0,0,0,0,0,0,0,0,0,0,0,0,0,0,0,0,0,0,0,0,0,0,0,0,0,0,0,0,0,0,0,0,0,0,0,0,0,0,0,0,0,0,0,0,0,0,0,0,5.307223492,0,0,0,0,0,0,1.637652862,0,0,0,0,3.76990029,0,0,0,1.936172374,0,0,0,0,0,0,0,0,0,0,0,0,0,0,0,0,0,0,0,0,0,1.899304216,0,0,3.587282824,0,0,2.685544887,0,0,0,0,8.494932309,0,0,0,4.060414848,0,0,0,0,0,0,0
AAF71282,0,0,0,0,6.448245068,1.664223495,0,0,0.387739534,0,0,0,0,0,2.386027382,0.39182914,0,0,0,0,1.453852514,0.657051578,0,0,0,0,0,0,0,0,1.650772699,0,0,0,0,1.054770224,0,0,0,1.186683813,5.272152877,0,0,0,2.323143931,0,0,0,0,0,0,5.349843378,0,0,0.577448833,0,0,0,0,0,0.305559468,0,0,0.268116898,0,0,0,0,0,0,0,0,0,0,0,0,0,0,0,0,0,0,0,0,0,0,0,0,0,0,0,0,0,0,0,0,0,0,0,0,0,0,0,0,0,0,0,0,0,0,0,0,0,0,0,0,0,0,0,0,0,0,0,0,0,0,0,0,0,0,0,0,0,0,0,0,0,0,0,0,0,0,0,0
ZP_04543532,0,0,0,0,0,2.295017884,0,0,0,0,0,0,0,0,0,14.67081198,0.660629616,3.711518815,0,0,0,0,0,0,0,0,0,0,0,0,2.276468803,0.416650769,0,0,0,0,0,0,0,0,0,3.236483806,0,0,0,0,0,0,0,0,0,1.725755928,0,0,0,0,0,0,0,0,0.13908224,0,0,0,0,0,0,0,0,0,0,0,0,0,0,0,0,0,0,0,0,0,0,0,0,0,0,0,0,0,0,0,0,0,0,0,0,0,0,0,0,0,0,0,0,0,0,0,0,0,0,0,0,0,0,0,0,0,0,0,0,0,0,0,0,0,0,0,0,0,0,0,0,0,0,0,0,0,0,0,0,0,0,0
AAD33243,0,0,2.414655382,0,0,0,0,0,0,0,0,0,0,0,5.325336475,0,0,0,0,0,0,0,0,0,0,0,0,0,0,0,0,0,0,0,0,0,0,0,0,0,4.985882133,0,0,0,0,0,0,0,0,0,0,0,0,0,0,0,0,0,0,15.82301169,0,0,0,0,0,0,0,0,0,0,0,0,0,0,0,0,0,0,0,0,0,0,0,0,0,0,0,0,0,0,0,0,0,0,0,0,0,0,0,0,0,0,0,0,0,0,0,0,0,0,0,0,0,0,0,0,0,0,0,0,0,0,0,0,0,0,0,0,0,0,0,0,0,0,0,0,0,0,0,0,0,0,0,0
ZP_04055725,0,0,0,0,0,0,0,0,0,0,0,0,0,0,0,0,0,25.4292829,0,0,0,0,0,0,0,0,0,0,0,0,0,0,0,0,0,0,0,0,0,0,0,0,0,0,0,0,0,0,0,0,0,0,0,0,0,0,0,0,0,0,0,0,0,0,0,0,0,0,0,0,0,0,0,0,0,0,0,0,0,0,0,0,0,0,0,0,0,0,0,0,0,0,0,0,0,0,0,0,0,0,0,0,0,0,0,0,0,0,0,0,0,0,0,0,0,0,0,0,0,0,0,0,0,0,0,0,0,0,0,0,0,0,0,0,0,0,0,0,0,0,0,0,0,0
ACQ99521,0,0,0,0,0,0,8.167936933,0,0,0,0,0,0,0,0,0,0,0,0,0,0,0,0,0,0,0,0,0,0,1.577393842,0,0,0,0,1.541891067,0,0,0,0.156613314,0,0,6.761436821,0,0,0,0,0,0,0,0,0.768603424,0,0,3.936144094,0.773697747,0,0,0.409887128,0,0,0,0,0.314473621,0,0,0,0,0,0,0,0,0,0,0,0,0,0,0,0,0,0,0,0,0,0,0,0,0,0,0,0,0,0,0,0,0,0,0,0,0,0,0,0,0,0,0,0,0,0,0,0,0,0,0,0,0,0,0,0,0,0,0,0,0,0,0,0,0,0,0,0,0,0,0,0,0,0,0,0,0,0,0,0,0
P25910,0,0,0,0.810481086,0,0,0,0,0,0,0,0,9.797699551,0,0,0,0,0,0,0,0,0,0,0,0,0,0,0,0,1.811738246,0,0,0,0,0,0,0,0,3.965205126,0,0,0,0.653199432,0,0,0,0,0,0,0,1.52578191,0,0,0,0,0,0,5.309020473,0,0,0,0.22745984,0,0,0,0,0,0,0,0,0,0,0,0,0,0,0,0,0,0,0,0,0,0,0,0,0,0,0,0,0,0,0,0,0,0,0,0,0,0,0,0,0,0,0,0,0,0,0,0,0,0,0,0,0,0,0,0,0,0,0,0,0,0,0,0,0,0,0,0,0,0,0,0,0,0,0,0,0,0,0,0,0,0
YP_001144149,0,0,4.024425636,0.727932087,0,0,1.279459124,0,0,0,1.418428373,0,0,0.524226624,0,0,0.458698034,0,0,0,0,0,0,0,0,0,0,0.443811256,1.000340505,5.661682019,0.170460224,0,0.936804712,0.214214666,0,0,0,0,0,0.384573458,0,0,0.538188936,0.669066636,0,0,0,0,0,0,3.791947123,0.371516901,0,0,0.229910183,0,0,0,0.511021507,0,0,0.159881192,0,0,0,0,0,0,0,0,0,0,0,0,0,0,0,0,0,0,0,0,0,0,0,0,0,0,0,0,0,0,0,0,0,0,0,0,0,0,0,0,0,0,0,0,0,0,0,0,0,0,0,0,0,0,0,0,0,0,0,0,0,0,0,0,0,0,0,0,0,0,0,0,0,0,0,0,0,0,0,0,0,0
ZP_02068298,0,0,0,0.992634664,0,0.219585044,0,0,0,0,0.170211405,0,0.542729713,0,1.237199383,0.623364541,0.189625167,0,0,0,0.181731564,0,1.910673269,0.516784147,0,0,0,1.220480955,0.332757895,1.811738246,0,0,0,0,0,0,0.441615704,0,1.98817551,0.629302022,0,0.152016664,1.8882222,0,2.366165115,0,1.742908527,1.359863953,0,0.372681988,0,0.247677934,0,0,0.752433327,0,0,0.398621732,0.162991451,0,0,0.501445557,0,0,0,0,0,0,0,0,0,0,0,0,0,0,0,0,0,0,0,0,0,0,0,0,0,0,0,0,0,0,0,0,0,0,0,0,0,0,0,0,0,0,0,0,0,0,0,0,0,0,0,0,0,0,0,0,0,0,0,0,0,0,0,0,0,0,0,0,0,0,0,0,0,0,0,0,0,0,0,0,0,0
YP_002706078,0,0,0,0,0,0,0.528111742,0,0,0,0,0,0,0,0,0,0,0,2.874820067,2.342268413,2.398856647,0,0.840696239,0.378975041,2.405852733,1.061840442,2.292987708,0,0,0,0,0,0,0,0,0,0,0,0,0,0,0,0,0,0,0,0,0,0,0,0,0.524494449,1.884262933,1.188074989,0,0,0,0,1.721189726,0,0.280096179,0,0.328767877,0,0,0,0,0,0,0,0,0,0,0,0,0,0,0,0,0,0,0,0,0,0,0,0,0,0,0,0,0,0,0,0,0,0,0,0,0,0,0,0,0,0,0,0,0,0,0,0,0,0,0,0,0,0,0,0,0,0,0,0,0,0,0,0,0,0,0,0,0,0,0,0,0,0,0,0,0,0,0,0,0
AAD51346,0,0,0.386344861,0.459746581,0,0,1.923835632,0,0,0,0,0,0,0,0,0,0,0,2.415815182,1.972436558,2.855781723,0.403452723,0.36872642,0.398921096,1.899357421,1.061840442,2.011392727,0,0,0,0,0,0,0,0,0,0,0,0,0,0,0,0,0,0,0,0,0,0,0,0,0.849181489,0.904446208,1.125544727,0,0,0,0,0,0,0,0,0,0,0,0,0.35355916,0,0,0,0,0,0,0,0,0,0,0,0,0,0,0,0,0,0,0,0,0,0,0,0,0,0,0,0,0,0,0,0,0,0,0,0,0,0,0,0,0,0,0,0,0,0,0,0,0,0,0,0,0,0,0,0,0,0,0,0,0,0,0,0,0,0,0,0,0,0,0,0,0,0,0,0,0
ZP_03310712,0,0,0,0,0,0,0,0,0.203101661,0,0,0.937736226,0.697795345,0.660525546,0,1.419292218,0.786673552,0.767047222,2.209895698,0,2.642550021,0,0,0,0,0,0,0,0,0,0,0,0,0,0,0,0,0.352081436,0.830199719,0.439512523,0,0.42680488,1.503384533,1.181839306,0.464628786,0,0,0.279743442,0.150587757,0,0,0,0,0,0,0,0.908274837,0,0,0,0.160054959,1.786101318,0,0,0,0.358837353,0,0,0,0,0,0,0,0,0,0,0,0,0,0,0,0,0,0,0,0,0,0,0,0,0,0,0,0,0,0,0,0,0,0,0,0,0,0,0,0,0,0,0,0,0,0,0,0,0,0,0,0,0,0,0,0,0,0,0,0,0,0,0,0,0,0,0,0,0,0,0,0,0,0,0,0,0,0
CAC14595,0,0,0,0,0,0,0,0,0,0,0,0,0,0,0,0,0,0,2.443267628,2.42493671,1.904974396,0,0.889774317,0,1.184305215,0,3.793545841,0,0,0,0,0,0,0,0,0,0,0,0,0,0,0,0,0,0,0,0,0,0,0,0,0.457552394,0.820208571,0.534633745,0,0.392298573,0,0,2.34132426,0,0,0,0,0,0,0,0.436749551,0,0,0,0,0,0,0,0,0,0,0,0,0,0,0,0,0,0,0,0,0,0,0,0,0,0,0,0,0,0,0,0,0,0,0,0,0,0,0,0,0,0,0,0,0,0,0,0,0,0,0,0,0,0,0,0,0,0,0,0,0,0,0,0,0,0,0,0,0,0,0,0,0,0,0,0,0
YP_002081505,4.850335619,4.850335619,2.897586458,0,0,0,0,0,0,0,0,0,0,0,0,0,0,0,0,0,0,0,0,0,0,0,0,0,0,0,0,0,0,0,0,0,0,0,0,0,0,0,0,0,0,0,0,2.098075813,0,0,0,0,0,0,0,0,0,0,0,0,0,0,0,0,0,0,2.22742271,0,0,0,0,0,0,0,0,0,0,0,0,0,0,0,0,0,0,0,0,0,0,0,0,0,0,0,0,0,0,0,0,0,0,0,0,0,0,0,0,0,0,0,0,0,0,0,0,0,0,0,0,0,0,0,0,0,0,0,0,0,0,0,0,0,0,0,0,0,0,0,0,0,0,0,0,0
BAC67147,0,0,9.114226496,0,0,0,0,0,0,0,0,0,0,0,0,0,0,0,0,0,0,0,0.191067327,0,0,0,0,0,7.535987624,0,0,0,0,0,0,0,0,0,0,0,0,0,0,0,0,0,0,0,0,0,0,0,0,0,0,0,0,0,0,0,0,0,0,0,0,0,0,0,0,0,0,0,0,0,0,0,0,0,0,0,0,0,0,0,0,0,0,0,0,0,0,0,0,0,0,0,0,0,0,0,0,0,0,0,0,0,0,0,0,0,0,0,0,0,0,0,0,0,0,0,0,0,0,0,0,0,0,0,0,0,0,0,0,0,0,0,0,0,0,0,0,0,0,0
YP_254125,0,0,0,0,0,0,0,0,0,0,0,0,0,0,0,0,0,0,0,0,0,0,0,0,0,0,0,0,0,0,0,0,0,0,0,0,0,0,0,0,0,0,0,0,0,0,0,0,0,0,0,0,0,0,0,0,0,0,0,0,0,0,0,0,0,0,0,0,0,0,0,15.77022853,0,0,0,0,0,0,0,0,0,0,0,0,0,0,0,0,0,0,0,0,0,0,0,0,0,0,0,0,0,0,0,0,0,0,0,0,0,0,0,0,0,0,0,0,0,0,0,0,0,0,0,0,0,0,0,0,0,0,0,0,0,0,0,0,0,0,0,0,0,0,0,0
AAD51345,0,0,0,0,0,0,0.374079151,0,0,0,0,0,0,0,0,0,0,0,1.642754324,1.62157044,1.999047206,0,0.560464159,0.303180033,1.139614453,1.230769603,1.194264431,0,0,0,0,0,0,0,0,0,0,0,0,0,0,0,0,0,0,0,0,0,0,0,0,0.469284507,1.435628901,0.509174995,0,0,0,0,0.597635322,0,0,0,0,0,0,0,0,0,0,0,0,0,0,0,0,0,0,0,0,0,0,0,0,0,0,0,0,0,0,0,0,0,0,0,0,0,0,0,0,0,0,0,0,0,0,0,0,0,0,0,0,0,0,0,0,0,0,0,0,0,0,0,0,0,0,0,0,0,0,0,0,0,0,0,0,0,0,0,0,0,0,0,0,0
P11504,0,0,0,0.174703701,0,0,0,0,0,0,0,0,0,0,0,0,0,2.784714914,0,0,8.503193551,0,0,0,0,0,0,0,0,0,0,0,0,0,0,0,0,0,0,0,0,0,0,0,1.157363371,0,0,0,0,0,0,0,0,0,0,0,0,0,0,0,0,0,0,0,0,0,0,0,0,0,0,0,0,0,0,0,0,0,0,0,0,0,0,0,0,0,0,0,0,0,0,0,0,0,0,0,0,0,0,0,0,0,0,0,0,0,0,0,0,0,0,0,0,0,0,0,0,0,0,0,0,0,0,0,0,0,0,0,0,0,0,0,0,0,0,0,0,0,0,0,0,0,0,0
CAC14594,0,0,0.402442564,0,0,0,0.748158301,0,0,0,0,0,0,0,0,0,0,0,0.427800605,0.780756138,1.06615851,0,0.609200173,0,0.962341093,0.564102735,2.54776412,0,0,0,0,0,0,0,0,0,0,0,0,0,0,0,0,0,0,0,0,0,0,0,0,0.636886116,1.638489507,0.509174995,0,0,0,0,0.935429199,0,0,0,0,0,0,0,0,0,0,0,0,0,0,0,0,0,0,0,0,0,0,0,0,0,0,0,0,0,0,0,0,0,0,0,0,0,0,0,0,0,0,0,0,0,0,0,0,0,0,0,0,0,0,0,0,0,0,0,0,0,0,0,0,0,0,0,0,0,0,0,0,0,0,0,0,0,0,0,0,0,0,0,0,0
YP_002705655,0,0,0,0,0,0,0,0,0,0,0,0,0,0,0,0,0,0,2.232003158,1.479327419,1.230182896,0,0.36872642,0.315812534,0.555196785,0,1.592352575,0,0,0,0,0,0,0,0,0,0,0,0,0,0,0,0,0,0,0,0,0,0,0,0,0,1.256175289,0.648040903,0,0,0,0,1.629914513,0,0,0,0,0,0,0,0,0,0,0,0,0,0,0,0,0,0,0,0,0,0,0,0,0,0,0,0,0,0,0,0,0,0,0,0,0,0,0,0,0,0,0,0,0,0,0,0,0,0,0,0,0,0,0,0,0,0,0,0,0,0,0,0,0,0,0,0,0,0,0,0,0,0,0,0,0,0,0,0,0,0,0,0,0
YP_001334578,0,0,0,0,0,0,0,0,0,0.321142423,0,0,0,0,0,0,2.702158636,0,0,0,0,0,0,0,0,0,0,0,0,0,0,0,0,0,0,2.088445044,0,0,0,0,0,0,4.248499951,0,0,0,0,0,0,0,0,0,0,0,0,0,0,0,0,0.195727358,0,0.459658427,0,0,0,0,0,0,0,0,0,0,0,0,0,0,0,0,0,0,0,0,0,0,0,0,0,0,0,0,0,0,0,0,0,0,0,0,0,0,0,0,0,0,0,0,0,0,0.864104192,0,0,0,0,0,0,0,0,0,0,0,0,0,0,0,0,0,0,0,0,0,0,0,0,0,0,0,0,0,0,0,0,0,0,0
NP_840140,0,0,0,0,0,1.897214784,0,0,0,0,0,0,0,0,0,0,0,0,0,0,0,0,0,0,0,0,0,0,0,0,0,0.805524821,7.528603517,0,0,0,0,0,0,0,0,0,0,0,0,0,0,0,0,0,0,0,0.301482069,0,0,0,0,0,0,0,0,0,0,0,0,0,0,0,0,0,0,0,0,0,0,0,0,0,0,0,0,0,0,0,0,0,0,0,0,0,0,0,0,0,0,0,0,0,0,0,0,0,0,0,0,0,0,0,0,0,0,0,0,0,0,0,0,0,0,0,0,0,0,0,0,0,0,0,0,0,0,0,0,0,0,0,0,0,0,0,0,0,0,0
CAA28209,0.143784653,0.143784653,0.286322773,0,0,0,0.053228654,0.043287635,0,0,0,0,0.289598859,0,0,0,0,0,0.060872813,0.585567103,0.486922071,0,0,0.179751007,0.268340541,0,0.056644953,0,0.686313159,0,0,0,0,0,0,0,0,0,0,0,0,0,0,0,0,0,0,0,0.089281279,0,0,0.052864065,1.165561854,0.169054149,0,0,0.100075754,0,0.799898264,0.055701066,0,0,2.322816519,0.069943539,0,0.255964145,0,0.077551614,0,0,0,0,0,0,0,0,0,0,0,0,0,0,0,0,0,0,0,0,0,0,0,0,0,0,0,0,0,0,0,0,0,0,0,0,0,0,0,0,0,0,0,0,0,0,0,0,0,0,0,0,0,0,0,0,0,0,0,0,0,0,0,0,0,0,0,0,0,0,0,0,0,0,0,0
YP_349555,0,0,0,0,0,0,0,0,0,0,0,0,0,0,0,0,0,0,0,0,0,0,0,0,0,0,0,0,0,0,0,0,0,0,0,0,0,0,0,0,0,0,0,0,0,0,0,0,0,0,0,0,0,0,0,0,0,0,0,0,0,0,0,0,0,0,0,0,0,0,0,0,4.046945376,0,0,0,0,0,0,0,0,0,0,0,0,0,0,0,0,0,0,0,0,0,0,0,0,0,0,0,0,0,0,0,0,0,0,2.159793394,0,0,0,0,0,0,0,0,0,0,0,0.723448159,0,0,0,0,0,0,0,0,0,0,0,0,0,0,0,0,0,0,0,0,0,1.141601772,0,0
BAF47404,0,0,0,0,0,0,0,0,0,0,0,0,0,0,0,0,0,0,0.446400632,0.585567103,0.726926257,0,0,0,0.36087791,1.12820547,1.194264431,0,0,0,0,0,0,0,0,0,0,0,0,0,0,0,0,0,0,0,0,0,0,0,0,0,0.942131466,0,0,0,0,0,2.109301135,0,0,0,0.425464311,0,0,0,0,0,0,0,0,0,0,0,0,0,0,0,0,0,0,0,0,0,0,0,0,0,0,0,0,0,0,0,0,0,0,0,0,0,0,0,0,0,0,0,0,0,0,0,0,0,0,0,0,0,0,0,0,0,0,0,0,0,0,0,0,0,0,0,0,0,0,0,0,0,0,0,0,0,0,0,0,0
ZP_04633951,0,0,0,0,0,0,0,0.438070864,0,0,0.7148879,0,0,0,0,0,0,0,0.821377162,0,0,0,0.28023208,0.303180033,0,0,0,0,0.292826948,0,0,0,0,0.462703678,0,0,1.326674489,0,0,0,0,0.66887332,0,0.539535335,0,0,0.139432682,0,0,0,0.164445384,0,0,0,0,0,0,0,0,0,0.268892332,0,0.433973597,0,0.277434372,0,0,0,0,0,0,0,0,0,0,0,0,0,0,0,0,0,0,0,0,0,0,0,0,0,0,0,0,0,0,0,0,0,0,0,0,0,0,0,0,0,0,0,0,0,0,0,0,0,0,0,0,0,0,0,0,0,0,0,0,0,0,0,0,0,0,0,0,0,0,0,0,0,0,0,0,0,0,0
AAR96043,0,0,0,0,0,0,0,0,0,0,0,0,2.402246269,0,0,0,0,0,0,0,0,0,0,0,0,0,0,0,0,0,0,0,0,0,0,0,0,0,3.241895596,0,0,0,0,0,0,0,0,0,0,0,0,0,0,0,0,0,0,0.365403254,0,0,0,0,0,0,0,1.023856579,0,0,0,0,0,0,0,0,0,0,0,0,0,0,0,0,0,0,0,0,0,0,0,0,0,0,0,0,0,0,0,0,0,0,0,0,0,0,0,0,0,0,0,0,0,0,0,0,0,0,0,0,0,0,0,0,0,0,0,0,0,0,0,0,0,0,0,0,0,0,0,0,0,0,0,0,0,0
P28585,0,0,0,0,0,0,0,0,0,0,0,0,0,0,0,0,0,0,0,0,0,0,0,0,0,0,0,0,0,0,5.465058102,0.268508274,0,0,0.225165045,0,0,0,0,0,0,0,0,0,0,0,0,0,0,0,0,0.574162484,0,0,0,0,0,0,0,0,0,0,0,0,0,0,0,0,0,0,0,0,0,0,0,0,0,0,0,0,0,0,0,0,0,0,0,0,0,0,0,0,0,0,0,0,0,0,0,0,0,0,0,0,0,0,0,0,0,0,0,0,0,0,0,0,0,0,0,0,0,0,0,0,0,0,0,0,0,0,0,0,0,0,0,0,0,0,0,0,0,0,0,0
YP_274481,0,0,0,0,0,0,0,0,0,0,0,0,0,0,0,0,0,0,0,0,0,0,0,0,0,0,0,0,0,0,0,0,0,0,0,0,0,0,0,0,0,4.013239919,0,0,0,0,0,0,0,0,0,0,0,0,0,0,0,0,2.151487157,0,0,0,0,0,0,0,0,0,0,0,0,0,0,0,0,0,0,0,0,0,0,0,0,0,0,0,0,0,0,0,0,0,0,0,0,0,0,0,0,0,0,0,0,0,0,0,0,0,0,0,0,0,0,0,0,0,0,0,0,0,0,0,0,0,0,0,0,0,0,0,0,0,0,0,0,0,0,0,0,0,0,0,0,0
P22616,0,0,0,0,0,0,0,0,0,0,0,0,0,0,0,0,0,0,0,0,0,0,0,0,0,0,0,0,0,0,0,0,0,0,0,0,0,0,0,0,0,0,0,0,0,0,0,0,0,0,0,0,0,0,0,0,0,0,0,0,0,0,0,0,0,0,0,0,0,0,0,0,0,0,0,0,0,0,0,0,0,0,0,0,0,0,0,0,0,0,0,0,0,0,0,0,0,0,0,0,0,0,0,0,0,0,0,0,0,0,0,0,0,0,0,0,0,0,0,0,1.385277079,0,0,0,0,0,0,0,0,0,0,0,0,0,0,0,0,0,0,0,0,0,0,4.67761221
YP_245409,0,0,0,0,0,0,0,0,0,0,0,0,0,0,0,0,0,0,0,0,0,0,0,0,0,0,0,0,0,0,0,0,0,0,0,0,0,0,0,1.381996597,0,0,0,0,0,0,0,0,0,0,0,0,0,0,0,0,0,0,0,0,0,0,0,0,0,0,0,0,0,0,0,0,0,0,0,0,0,0,0,0,0,0,0,0,0,0,0,0,0,0,0,0,0,0,0,0,0,0,0,0,0,0,0,0,0,0,0,0,0,0,0,0,0,0,0,0,0,0,0,0,0,0,0,0,0,0,0,0,0,0,0,0,4.157700941,0,0,0,0,0,0,0,0,0,0,0
YP_001563294,0,0,0.919868717,0,2.430886038,0,0,0.317442655,0,0,0,0,0,0,0,0,0,0,0,0,0,0,0,0,0,0.42979256,0,0,0,0,0,0,0,0,0,0,0,0,0,0,0,0,0,0,0,0,0,0,0,0,0,0,0.327697901,0,0,0,0,0,0.935429199,0,0,0,0,0,0,0,0,0,0,0,0,0,0,0,0,0,0,0,0,0,0,0,0,0,0,0,0,0,0,0,0,0,0,0,0,0,0,0,0,0,0,0,0,0,0,0,0,0,0,0,0,0,0,0,0,0,0,0,0,0,0,0,0,0,0,0,0,0,0,0,0,0,0,0,0,0,0,0,0,0,0,0,0,0
P08988,0,0,0,0,0,0,0,0,0,0,0,0,0,0,0,0,0,0,0,0,0,0,0,0,0,0,0,0,0,0,0,0,0,0,0,0,0,0,0,0,0,0,0,0,0,0,0,0,0,0,0,0,0,0,0,0,0,0,0.896452982,0,0,0,0,0,0,0,0,0,0,0,0,0,0,0,0,0,0,0,0,0,0,0,0,0,0,0,0,0,0,0,0,0,0,0,0,0,0,0,0,0,0,0,0,0,0,0,0,0,0,0,0,0,0,0,0,0,0,0,0,0,0,0,0,0,0,4.202925038,0,0,0,0,0,0,0,0,0,0,0,0,0,0,0,0,0,0
CAG27847,0,0,0,0,0,0,0,0,0,0,0,0,0,0,0,0,0,3.196030091,0,0,0,0,0,0,0,0,0,0,0,0,0,0,0,0,0,0,0,0,0,0,0,0.83609165,0,0,0,0,0,0,0,0,0,0,0,0,0,0,0,0,0,0,0,0,0,0,0,0,0,0,0,0,0,0,0,0,0,0,0,0,0,0,0,0,0,0,0,0,0,0,0,0,0,0,0,0,0,0,0,0,0,0,0,0,0,0,0,0,0,0,0,0,0,0,0,0,0,0,0,0,0,0,0,0,0,0,0,0,0,0,0,0,0,0,0,0,0,0,0,0,0,0,0,0,0,0
CAC41008,0,0,0,0,0,0,0,0,0,1.675525684,0,0,0,0,0,0,0,0,0,0,0,0,0,0,0,0,0,0,0,0,0,0,0,0,0,0.6726071,0,0,0,0,0,0,0,0,0,0,0,0,0,0,0,0,0,0,0.359859417,0,0,0,0,0,0,0,0,0,0,0,0,0,0,0,0,0,0,0,0,0,0,0,0,0,0,0,0,0,0,0,0,0,0,0,0,0,0,0,0,0,0,0,0,0,0,0,0,0,0,0,0,0,0,0,0,0,0,0,0,0,0,0,0,0,0,0,0,0.98893967,0,0,0,0,0,0,0,0,0,0,0,0,0,0,0,0,0,0,0,0
YP_691421,0,0,0.724396615,0,0,0.19762654,0,0,0,0,0,0,0,0,0,0,0.170662651,0,0,0,0,0,0,0,0,0,0,0,0,0,0,0.671270684,0,0,0.20264854,0,0,0,0.360210622,0.230744075,0,0.50165499,0.37764444,0,0,0,0.174290853,0,0,0,0,0,0,0,0,0,0,0,0,0,0,0,0,0,0,0,0,0,0,0,0,0,0,0,0,0,0,0,0,0,0,0,0,0,0,0,0,0,0,0,0,0,0,0,0,0,0,0,0,0,0,0,0,0,0,0,0,0,0,0,0,0,0,0,0,0,0,0,0,0,0,0,0,0,0,0,0,0,0,0,0,0,0,0,0,0,0,0,0,0,0,0,0,0
YP_002918846,0,0,0,0,0,0,0,0,0,0,0,0,0,0,0,0,0,0,0,0,0,0,0,0,0,0,0,0,0,0,0,0,0,0,0,2.165794861,0,0,0,0,0,0,0,0,0,0,0,0,0,0,0,0,0,0,0.331070664,0,0,0,0,0.375796528,0,0,0,0,0,0,0,0,0,0,0,0,0,0,0,0,0,0,0,0,0,0,0,0,0,0,0,0,0,0,0,0,0,0,0,0,0,0,0,0,0,0,0,0,0,0,0,0,0,0,0,0,0,0,0,0,0,0,0,0,0,0,0,0,0,0,0,0,0,0,0,0,0,0,0,0,0,0,0,0,0,0,0,0
ZP_04151022,0,0,0,0,0,0,0,0,0,0,0,0,0,0,0,0,0,0,0,0,0,0,0,0,0,0,0,0,0,0,0,0,0,0,0,0,0,0,0,0,0,0,0,0,0,0,0,0,0,0,0,0,0,0,0,0,0,0,0,0,0,0,0,0,0,0,0,0,0,0,0,0,0,0,0,0,0,0,0,0.87263032,0,0,0,0,0,0,0,0,0,0,0,0,0,0,0,0,0,0,0,0,0,0,0,0,0,0,0,0,0,0,0,0,0,0,0,0,0,0,0,0,0,0,0,0,0,0,0,0,0,0,0,0,0,0,1.933143904,0,0,0,0,0,0,0,0,0
YP_603198,0,0,0,0,0,0,0,0,0,0,0,0,0,0,0,0,0,1.917618055,0,0,0,0,0,0,0,0,0,0,0,0,0,0,0,0,0,0,0,0,0.343057735,0,0,0,0,0,0,0,0,0,0,0.327960149,0,0,0,0,0,0,0,0,0,0,0,0,0,0,0,0,0,0,0,0,0,0,0,0,0,0,0,0,0,0,0,0,0,0,0,0,0,0,0,0,0,0,0,0,0,0,0,0,0,0,0,0,0,0,0,0,0,0,0,0,0,0,0,0,0,0,0,0,0,0,0,0,0,0,0,0,0,0,0,0,0,0,0,0,0,0,0,0,0,0,0,0,0,0
AAC98092,0,0,0,0,0,0,0,0,0,0,0,0,0,0,0,0,0,0,0,0,0,0,0,0,0,0,0,0,0,0,0,0,0,0,0,1.984633449,0,0,0,0,0,0,0,0,0,0,0,0,0,0,0,0,0,0,0.390242285,0,0,0,0,0,0,0,0,0,0,0,0,0,0,0,0,0,0,0,0,0,0,0,0,0,0,0,0,0,0,0,0,0,0,0,0,0,0,0,0,0,0,0,0,0,0,0,0,0,0,0,0,0,0,0,0,0,0,0,0,0,0,0,0,0,0,0,0,0,0,0,0,0,0,0,0,0,0,0,0,0,0,0,0,0,0,0,0,0
ZP_02211718,0,0,0,0,0,0,0,0.632291824,0,0,0.026808296,0,0,0,0,0,0,0,0,0,0,0,0.052543515,0,0,0,0,0,0,0,0,0,0,0.936181093,0,0,0,0,0,0,0,0,0,0.025290719,0,0,0,0,0,0,0,0,0,0.304939247,0,0,0,0,0,0,0,0,0,0,0,0,0,0.364038302,0,0,0,0,0,0,0,0,0,0,0,0,0,0,0,0,0,0,0,0,0,0,0,0,0,0,0,0,0,0,0,0,0,0,0,0,0,0,0,0,0,0,0,0,0,0,0,0,0,0,0,0,0,0,0,0,0,0,0,0,0,0,0,0,0,0,0,0,0,0,0,0,0,0,0,0
YP_251227,0,0,0,0,0,0,0,0,0,0,0,0,0,0,0,0,0,0,0,0,0,0,0,0,0,0,0,0,0,0,0,0,0,0,0,0,0,0,0,0,0,0,0,0,0,0,0,0,0,0,0,0,0,0,0,0,0,0,0,0,0,0,0,0,0,0,0,0,0,0,0,0,0,0,0,0,0,0,0,0,0,0,0,0,0,0,0,0,0,0,0,0,0,0,0,0,0,0,0,0,0,0,0,2.335838224,0,0,0,0,0,0,0,0,0,0,0,0,0,0,0,0,0,0,0,0,0,0,0,0,0,0,0,0,0,0,0,0,0,0,0,0,0,0,0,0
YP_209353,0,0,0.591102909,0,0,0,0,0,0,0,0,0,0,0,0,0,0,0,0,0,0,0,0,0,0,0,0,0,1.584005419,0,0,0,0,0,0,0,0,0,0,0,0,0,0,0,0,0,0,0,0,0,0,0,0,0,0,0,0,0,0,0,0,0,0,0,0,0,0,0,0,0,0,0,0,0,0,0,0,0,0,0,0,0,0,0,0,0,0,0,0,0,0,0,0,0,0,0,0,0,0,0,0,0,0,0,0,0,0,0,0,0,0,0,0,0,0,0,0,0,0,0,0,0,0,0,0,0,0,0,0,0,0,0,0,0,0,0,0,0,0,0,0,0,0,0
AAD42180,0,0,0.419940066,0,0,0,0,0,0,0,0,0,0,0,0,0,0,0,0,0,0,0,0,0.329543514,0,0,0,0,0.318290161,0.741165646,0,0,0,0,0,0,0,0,0,0,0,0,0,0,0,0,0,0,0,0,0,0,0,0,0,0,0,0,0,0,0,0,0,0,0,0,0,0,0,0,0,0,0,0,0,0,0,0,0,0,0,0,0,0,0,0,0,0,0,0,0,0,0,0,0,0,0,0,0,0,0,0,0,0,0,0,0,0,0,0,0,0,0,0,0,0,0,0,0,0,0,0,0,0,0,0,0,0,0,0,0,0,0,0,0,0,0,0,0,0,0,0,0,0
BAA07922,0,0,0,0,0,0,0,0,0,0,0,0,0,0,0,0,0,0,0,0,0,0,0,0,0,0,0,0,0,0,0,0,0,0,0,0,0,0,0,0,0,0,0,0,0,0,0,0,0,0,0,0,0,0,0,0,0,0,0,0,0,0,0,0,0,0,1.676754318,0,0,0,0,0,0,0,0,0,0,0,0,0,0,0,0,0,0,0,0,0,0,0,0,0,0,0,0,0,0,0,0,0,0,0,0,0,0,0,0,0,0,0,0,0,0,0,0,0,0,0,0,0,0,0,0,0,0,0,0,0,0,0,0,0,0,0,0,0,0,0,0,0,0,0,0,0
AAN41427,0,0,0.201221282,0,0,0,0,0,0,0,0,0,0,0,0,0,0,0,0,0,0,0,0,0,0,0,0,0,0.82357579,0.185291412,0,0,0,0,0,0,0,0,0,0,0,0,0,0,0,0,0,0,0,0,0,0,0,0,0,0,0,0,0,0,0,0,0,0,0,0,0,0.454179593,0,0,0,0,0,0,0,0,0,0,0,0,0,0,0,0,0,0,0,0,0,0,0,0,0,0,0,0,0,0,0,0,0,0,0,0,0,0,0,0,0,0,0,0,0,0,0,0,0,0,0,0,0,0,0,0,0,0,0,0,0,0,0,0,0,0,0,0,0,0,0,0,0,0,0,0
YP_001468286,0,0,1.545379444,0,0,0,0,0,0,0,0,0,0,0,0,0,0,0,0,0,0,0,0,0,0,0,0,0,0,0,0,0,0,0,0,0,0,0,0,0,0,0,0,0,0,0,0,0,0,0,0,0,0,0,0,0,0,0,0,0,0,0,0,0,0,0,0,0,0,0,0,0,0,0,0,0,0,0,0,0,0,0,0,0,0,0,0,0,0,0,0,0,0,0,0,0,0,0,0,0,0,0,0,0,0,0,0,0,0,0,0,0,0,0,0,0,0,0,0,0,0,0,0,0,0,0,0,0,0,0,0,0,0,0,0,0,0,0,0,0,0,0,0,0
AAL51021,0,0,0,0,0,0,0.748158301,0,0,0,0,0,0,0,0,0,0,0,0,0,0,0,0,0,0,0,0,0,0,0,0,0,0,0,0,0,0,0,0,0,0,0,0,0,0,0,0,0,0,0,0,0,0,0,0,0,0,0,0.754907775,0,0,0,0,0,0,0,0,0,0,0,0,0,0,0,0,0,0,0,0,0,0,0,0,0,0,0,0,0,0,0,0,0,0,0,0,0,0,0,0,0,0,0,0,0,0,0,0,0,0,0,0,0,0,0,0,0,0,0,0,0,0,0,0,0,0,0,0,0,0,0,0,0,0,0,0,0,0,0,0,0,0,0,0,0
YP_001480516,0,0,0,0,0,0,0,0,0,0,0,0,0,0,0,0,0,0,0,0,0,0,0,0,0,0,0,0,0,0,0,0,0,0,0,0,0,0,0,0,0,0,0,0,0,0,0,0,0,0,0,0,0,0,0,0,0,0,0,0,0,0,0,0,0,0,0,0,0,0,0,0,0,0,0,0,0,0,0,0,0,0,0,0,0,0,0,0,0,0,0,0,0,0,0,0,0,0,0,0,0,0,0,0,0,0,0,0,0,0,0,0,0,0,0,0,0,0,0,0,0,0,0,0,0,0,0,0,0,0,0,0,0,0,0,0,0,0,0,0,0,1.240871492,0,0
CAQ42481,0,0,0,0,0,0,0,0,0,0,0,0,0,0,0,0,0,0,0,0,0,0,0,0,0,0,0,0,0,0,0,0,0,0,0,0,0,0,0.300175518,0,0,0,0,0,0,0,0,0,0,0,0.685189099,0,0,0,0,0,0,0,0,0,0,0,0,0,0,0,0,0,0,0,0,0,0,0,0,0,0,0,0,0,0,0,0,0,0,0,0,0,0,0,0,0,0,0,0,0,0,0,0,0,0,0,0,0,0,0,0,0,0,0,0,0,0,0,0,0,0,0,0,0,0,0,0,0,0,0,0,0,0,0,0,0,0,0,0,0,0,0,0,0,0,0,0,0
AAZ98840,0,0,0,0.198526933,0,0,0,0,0,0,0,0,0,0,0,0,0,0,0,0,0,0,0,0,0,0,0,0,0,0.713371934,0,0,0,0,0,0,0,0,0,0,0,0,0,0,0,0,0,0,0,0,0,0,0,0,0,0,0,0,0,0,0,0,0,0,0,0,0,0,0,0,0,0,0,0,0,0,0,0,0,0,0,0,0,0,0,0,0,0,0,0,0,0,0,0,0,0,0,0,0,0,0,0,0,0,0,0,0,0,0,0,0,0,0,0,0,0,0,0,0,0,0,0,0,0,0,0,0,0,0,0,0,0,0,0,0,0,0,0,0,0,0,0,0,0
AAD42184,0,0,0,0,0,0,0,0,0,0,0,0,0,0,0,0.182853599,0,0,0,0,0,0,0,0,0,0,0,0,0,0.326112884,0,0,0,0.154234559,0,0,0.120606772,0,0,0,0,0,0,0,0,0,0,0,0,0,0,0,0,0,0,0,0,0,0,0,0,0,0,0,0,0,0,0,0,0,0,0,0,0,0,0,0,0,0,0,0,0,0,0,0,0,0,0,0,0,0,0,0,0,0,0,0,0,0,0,0,0,0,0,0,0,0,0,0,0,0,0,0,0,0,0,0,0,0,0,0,0,0,0,0,0,0,0,0,0,0,0,0,0,0,0,0,0,0,0,0,0,0,0
YP_002929946,0,0,0,0,0,0,0,0,0,0,0,0,0,0,0,0,0,0,0,0,0,0,0,0,0.590911198,0,0,0,0,0,0,0,0,0,0,0,0.158693121,0,0,0,0,0,0,0,0,0,0,0,0,0,0,0,0,0,0,0,0,0,0,0,0,0,0,0,0,0,0,0,0,0,0,0,0,0,0,0,0,0,0,0,0,0,0,0,0,0,0,0,0,0,0,0,0,0,0,0,0,0,0,0,0,0,0,0,0,0,0,0,0,0,0,0,0,0,0,0,0,0,0,0,0,0,0,0,0,0,0,0,0,0,0,0,0,0,0,0,0,0,0,0,0,0,0,0
AAA25688,0,0,0,0,0,0,0,0,0,0,0,0,0,0,0,0,0,0,0,0,0,0,0,0,0,0,0,0,0,0.737714875,0,0,0,0,0,0,0,0,0,0,0,0,0,0,0,0,0,0,0,0,0,0,0,0,0,0,0,0,0,0,0,0,0,0,0,0,0,0,0,0,0,0,0,0,0,0,0,0,0,0,0,0,0,0,0,0,0,0,0,0,0,0,0,0,0,0,0,0,0,0,0,0,0,0,0,0,0,0,0,0,0,0,0,0,0,0,0,0,0,0,0,0,0,0,0,0,0,0,0,0,0,0,0,0,0,0,0,0,0,0,0,0,0,0
YP_002239313,0,0,0,0,0,0,0,0,0,0,0,0,0,0,0,0,0,0,0,0,0,0,0,0,0,0,0,0,0,0,0,0,0,0,0,0.644581804,0,0,0,0,0,0,0,0,0,0,0,0,0,0,0,0,0,0,0,0,0,0,0,0,0,0,0,0,0,0,0,0,0,0,0,0,0,0,0,0,0,0,0,0,0,0,0,0,0,0,0,0,0,0,0,0,0,0,0,0,0,0,0,0,0,0,0,0,0,0,0,0,0,0,0,0,0,0,0,0,0,0,0,0,0,0,0,0,0,0,0,0,0,0,0,0,0,0,0,0,0,0,0,0,0,0,0,0
ZP_02433069,0,0,0.579517292,0,0,0,0,0,0,0,0,0,0,0,0,0,0,0,0,0,0,0,0,0,0,0,0,0,0,0,0,0,0,0,0,0,0,0,0,0,0,0,0,0,0,0,0,0,0,0,0,0,0,0,0,0,0,0,0,0,0,0,0,0,0,0,0,0,0,0,0,0,0,0,0,0,0,0,0,0,0,0,0,0,0,0,0,0,0,0,0,0,0,0,0,0,0,0,0,0,0,0,0,0,0,0,0,0,0,0,0,0,0,0,0,0,0,0,0,0,0,0,0,0,0,0,0,0,0,0,0,0,0,0,0,0,0,0,0,0,0,0,0,0
AAQ16271,0,0,0,0,0,0,0,0,0,0,0,0,0,0,0,0.124672908,0,0,0,0,0,0,0,0,0,0,0,0,0,0,0,0,0,0,0,0,0,0,0,0.188790607,0.105074376,0,0,0,0.052798726,0,0,0,0,0,0,0,0,0,0.0564325,0,0,0,0,0,0,0,0,0,0,0,0,0,0,0,0,0,0,0,0,0,0,0,0,0,0,0,0,0,0,0,0,0,0,0,0,0,0,0,0,0,0,0,0,0,0,0,0,0,0,0,0,0,0,0,0,0,0,0,0,0,0,0,0,0,0,0,0,0,0,0,0,0,0,0,0,0,0,0,0,0,0,0,0,0,0,0,0,0
ZP_03945515,0,0,0,0,0,0,0,0,0,0,0,0,0,0,0,0,0,0,0,0,0,0.479100109,0,0,0,0,0,0,0,0,0,0,0,0,0,0,0,0,0,0,0,0,0,0,0,0,0,0,0,0,0,0,0,0,0,0,0,0,0,0,0,0,0,0,0,0,0,0,0,0,0,0,0,0,0,0,0,0,0,0,0,0,0,0,0,0,0,0,0,0,0,0,0,0,0,0,0,0,0,0,0,0,0,0,0,0,0,0,0,0,0,0,0,0,0,0,0,0,0,0,0,0,0,0,0,0,0,0,0,0,0,0,0,0,0,0,0,0,0,0,0,0,0,0
ZP_00946143,0,0,0,0,0,0,0,0,0,0,0,0,0,0,0,0,0,0,0,0,0,0,0,0,0,0,0,0,0,0,0,0,0,0,0,0,0,0,0,0,0,0,0,0,0,0,0,0,0,0,0,0,0,0,0,0,0,0,0,0,0,0,0,0.471885741,0,0,0,0,0,0,0,0,0,0,0,0,0,0,0,0,0,0,0,0,0,0,0,0,0,0,0,0,0,0,0,0,0,0,0,0,0,0,0,0,0,0,0,0,0,0,0,0,0,0,0,0,0,0,0,0,0,0,0,0,0,0,0,0,0,0,0,0,0,0,0,0,0,0,0,0,0,0,0,0
YP_001266290,0,0,0,0,0,0,0,0,0,0,0,0,0,0,0,0,0,0,0,0,0,0,0,0,0,0,0,0,0,0,0,0,0,0,0,0,0,0,0,0,0,0,0,0,0,0,0,0,0,0,0,0,0,0,0,0,0,0,0.448226491,0,0,0,0,0,0,0,0,0,0,0,0,0,0,0,0,0,0,0,0,0,0,0,0,0,0,0,0,0,0,0,0,0,0,0,0,0,0,0,0,0,0,0,0,0,0,0,0,0,0,0,0,0,0,0,0,0,0,0,0,0,0,0,0,0,0,0,0,0,0,0,0,0,0,0,0,0,0,0,0,0,0,0,0,0
AAN60217,0.192473636,0.192473636,0,0,0,0,0,0,0,0,0,0,0,0,0,0,0,0,0,0,0,0,0,0,0,0,0,0,0,0,0,0,0,0,0,0,0,0,0,0,0,0,0,0,0,0,0,0,0,0,0,0,0,0,0,0,0,0,0,0,0,0,0,0,0,0,0,0,0,0,0,0,0,0,0,0,0,0,0,0,0,0,0,0,0,0,0,0,0,0,0,0,0,0,0,0,0,0,0,0,0,0,0,0,0,0,0,0,0,0,0,0,0,0,0,0,0,0,0,0,0,0,0,0,0,0,0,0,0,0,0,0,0,0,0,0,0,0,0,0,0,0,0,0
ZP_04081918,0,0,0,0,0,0,0,0,0,0,0,0,0,0,0,0,0,0,0,0,0,0,0,0,0,0,0,0,0,0,0,0,0,0,0,0,0,0,0,0.36919052,0,0,0,0,0,0,0,0,0,0,0,0,0,0,0,0,0,0,0,0,0,0,0,0,0,0,0,0,0,0,0,0,0,0,0,0,0,0,0,0,0,0,0,0,0,0,0,0,0,0,0,0,0,0,0,0,0,0,0,0,0,0,0,0,0,0,0,0,0,0,0,0,0,0,0,0,0,0,0,0,0,0,0,0,0,0,0,0,0,0,0,0,0,0,0,0,0,0,0,0,0,0,0,0
YP_001668663,0,0,0,0,0,0,0,0,0,0,0,0,0,0,0,0,0,0,0,0,0,0,0,0,0,0,0,0,0,0,0,0,0,0,0,0,0,0,0,0,0,0,0,0,0,0,0,0,0,0,0,0,0,0,0,0,0,0,0.341505898,0,0,0,0,0,0,0,0,0,0,0,0,0,0,0,0,0,0,0,0,0,0,0,0,0,0,0,0,0,0,0,0,0,0,0,0,0,0,0,0,0,0,0,0,0,0,0,0,0,0,0,0,0,0,0,0,0,0,0,0,0,0,0,0,0,0,0,0,0,0,0,0,0,0,0,0,0,0,0,0,0,0,0,0,0
P49417,0,0,0,0,0,0,0,0,0,0,0,0,0,0,0,0,0,0,0,0,0,0,0,0,0,0,0,0,0,0.326112884,0,0,0,0,0,0,0,0,0,0,0,0,0,0,0,0,0,0,0,0,0,0,0,0,0,0,0,0,0,0,0,0,0,0,0,0,0,0,0,0,0,0,0,0,0,0,0,0,0,0,0,0,0,0,0,0,0,0,0,0,0,0,0,0,0,0,0,0,0,0,0,0,0,0,0,0,0,0,0,0,0,0,0,0,0,0,0,0,0,0,0,0,0,0,0,0,0,0,0,0,0,0,0,0,0,0,0,0,0,0,0,0,0,0
YP_001140148,0,0,0,0,0,0,0,0,0,0,0,0,0,0,0,0,0,0,0,0,0,0,0,0,0,0,0,0,0,0,0,0,0,0,0,0,0,0,0,0,0.321060592,0,0,0,0,0,0,0,0,0,0,0,0,0,0,0,0,0,0,0,0,0,0,0,0,0,0,0,0,0,0,0,0,0,0,0,0,0,0,0,0,0,0,0,0,0,0,0,0,0,0,0,0,0,0,0,0,0,0,0,0,0,0,0,0,0,0,0,0,0,0,0,0,0,0,0,0,0,0,0,0,0,0,0,0,0,0,0,0,0,0,0,0,0,0,0,0,0,0,0,0,0,0,0
ZP_02632674,0,0,0,0,0,0,0,0,0,0,0,0,0,0,0,0,0,0,0,0,0,0,0,0,0,0,0,0,0,0,0,0,0,0,0,0,0,0,0,0,0,0,0,0,0,0,0,0,0,0,0,0,0,0,0,0,0,0,0,0,0,0,0,0,0.3015591,0,0,0,0,0,0,0,0,0,0,0,0,0,0,0,0,0,0,0,0,0,0,0,0,0,0,0,0,0,0,0,0,0,0,0,0,0,0,0,0,0,0,0,0,0,0,0,0,0,0,0,0,0,0,0,0,0,0,0,0,0,0,0,0,0,0,0,0,0,0,0,0,0,0,0,0,0,0,0
YP_080399,0,0,0,0,0,0,0,0,0,0,0.297869958,0,0,0,0,0,0,0,0,0,0,0,0,0,0,0,0,0,0,0,0,0,0,0,0,0,0,0,0,0,0,0,0,0,0,0,0,0,0,0,0,0,0,0,0,0,0,0,0,0,0,0,0,0,0,0,0,0,0,0,0,0,0,0,0,0,0,0,0,0,0,0,0,0,0,0,0,0,0,0,0,0,0,0,0,0,0,0,0,0,0,0,0,0,0,0,0,0,0,0,0,0,0,0,0,0,0,0,0,0,0,0,0,0,0,0,0,0,0,0,0,0,0,0,0,0,0,0,0,0,0,0,0,0
Q56415,0,0,0,0,0,0,0,0,0,0,0,0,0,0,0,0,0,0,0,0,0,0,0,0,0,0,0,0,0,0,0,0,0,0,0,0,0,0,0,0,0,0,0,0,0,0,0,0,0,0,0,0,0,0,0,0,0,0,0,0,0,0,0,0,0,0,0.296989695,0,0,0,0,0,0,0,0,0,0,0,0,0,0,0,0,0,0,0,0,0,0,0,0,0,0,0,0,0,0,0,0,0,0,0,0,0,0,0,0,0,0,0,0,0,0,0,0,0,0,0,0,0,0,0,0,0,0,0,0,0,0,0,0,0,0,0,0,0,0,0,0,0,0,0,0,0
YP_152755,0,0,0,0,0,0,0,0,0,0,0,0,0,0,0,0,0,0,0,0,0,0,0,0,0,0,0,0,0,0,0,0,0,0,0,0,0,0,0,0,0,0,0,0,0,0,0,0.279743442,0,0,0,0,0,0,0,0,0,0,0,0,0,0,0,0,0,0,0,0,0,0,0,0,0,0,0,0,0,0,0,0,0,0,0,0,0,0,0,0,0,0,0,0,0,0,0,0,0,0,0,0,0,0,0,0,0,0,0,0,0,0,0,0,0,0,0,0,0,0,0,0,0,0,0,0,0,0,0,0,0,0,0,0,0,0,0,0,0,0,0,0,0,0,0,0
NP_214776,0,0,0,0,0,0,0,0,0,0,0,0,0,0,0,0,0,0,0,0,0,0,0,0,0,0,0,0,0,0,0,0,0.278837167,0,0,0,0,0,0,0,0,0,0,0,0,0,0,0,0,0,0,0,0,0,0,0,0,0,0,0,0,0,0,0,0,0,0,0,0,0,0,0,0,0,0,0,0,0,0,0,0,0,0,0,0,0,0,0,0,0,0,0,0,0,0,0,0,0,0,0,0,0,0,0,0,0,0,0,0,0,0,0,0,0,0,0,0,0,0,0,0,0,0,0,0,0,0,0,0,0,0,0,0,0,0,0,0,0,0,0,0,0,0,0
ZP_03541894,0,0,0,0,0,0,0,0,0,0,0,0,0,0,0,0,0,0,0.205344291,0,0,0,0,0,0,0,0,0,0,0,0,0,0,0,0,0,0,0,0,0,0,0,0,0,0,0,0,0,0,0,0,0,0,0,0,0,0,0,0,0,0,0,0,0,0,0,0,0,0,0,0,0,0,0,0,0,0,0,0,0,0,0,0,0,0,0,0,0,0,0,0,0,0,0,0,0,0,0,0,0,0,0,0,0,0,0,0,0,0,0,0,0,0,0,0,0,0,0,0,0,0,0,0,0,0,0,0,0,0,0,0,0,0,0,0,0,0,0,0,0,0,0,0,0
ZP_03294200,0,0,0,0,0,0,0,0,0,0,0,0,0,0,0,0,0,0,0,0,0,0,0,0,0,0,0,0,0,0,0,0,0,0,0,0,0,0,0,0,0,0,0,0,0,0,0,0,0,0,0,0,0,0,0,0,0,0,0,0,0,0,0,0,0.144497069,0,0,0,0,0,0,0,0,0,0,0,0,0,0,0,0,0,0,0,0,0,0,0,0,0,0,0,0,0,0,0,0,0,0,0,0,0,0,0,0,0,0,0,0,0,0,0,0,0,0,0,0,0,0,0,0,0,0,0,0,0,0,0,0,0,0,0,0,0,0,0,0,0,0,0,0,0,0,0
AAC41391,0,0,0,0,0,0,0,0,0,0,0,0,0,0,0,0,0,0,0,0,0,0,0,0,0,0,0,0,0,0,0,0,0,0,0,0,0,0,0,0,0,0,0,0,0,0,0,0,0,0,0,0,0,0,0,0,0,0,0.143432477,0,0,0,0,0,0,0,0,0,0,0,0,0,0,0,0,0,0,0,0,0,0,0,0,0,0,0,0,0,0,0,0,0,0,0,0,0,0,0,0,0,0,0,0,0,0,0,0,0,0,0,0,0,0,0,0,0,0,0,0,0,0,0,0,0,0,0,0,0,0,0,0,0,0,0,0,0,0,0,0,0,0,0,0,0
AAD26631,0,0,0,0,0,0,0,0,0,0,0,0,0,0,0,0,0,0,0,0,0,0,0,0,0,0,0,0,0,0,0,0,0,0,0,0,0,0,0,0,0,0,0,0,0,0.03742155,0,0,0,0,0,0,0,0,0,0,0,0,0,0,0,0,0,0,0,0,0,0,0,0,0,0,0,0,0,0,0,0,0,0,0,0,0,0,0,0,0,0,0,0,0,0,0,0,0,0,0,0,0,0,0,0,0,0,0,0,0,0,0,0,0,0,0,0,0,0,0,0,0,0,0,0,0,0,0,0,0,0,0,0,0,0,0,0,0,0,0,0,0,0,0,0,0,0
