,group,g_Agathobacter,g_Alloprevotella,g_Bacteroides,g_Bifidobacterium,g_Blautia,g_Christensenellaceae,g_Coprococcus,g_Dorea,g_Eubacterium,g_Faecalibacterium,g_Lachnospiraceae,g_Parabacteroides,g_Prevotella,g_Rikenellaceae,g_Roseburia,g_Ruminococcaceae,g_Ruminococcus,Prevotella_copri,Abiotrophia_defectiva,Achromobacter_xylosoxidans,Acidaminococcus_fermentans,Acidaminococcus_intestini,Acinetobacter_baumannii,Actinomyces_naeslundii,Actinomyces_oris,Actinomyces_pacaensis,Acutalibacter_muris,Adlercreutzia_equolifaciens,Aggregatibacter_actinomycetemcomitans,Aggregatibacter_aphrophilus,Aggregatibacter_segnis,Akkermansia_muciniphila,Alistipes_communis,Alistipes_dispar,Alistipes_finegoldii,Alistipes_indistinctus,Alistipes_megaguti,Alistipes_onderdonkii,Alistipes_shahii,Amedibacterium_intestinale,Anaerobutyricum_hallii,Anaerocolumna_cellulosilytica,Anaerostipes_caccae,Anaerostipes_hadrus,Anaerostipes_rhamnosivorans,Anaerotignum_propionicum,Arabia_massiliensis,Bacillus_cereus,Bacillus_subtilis,Bacillus_thuringiensis,Bacillus_velezensis,Bacteroides_caccae,Bacteroides_caecimuris,Bacteroides_cellulosilyticus,Bacteroides_coprosuis,Bacteroides_fragilis,Bacteroides_helcogenes,Bacteroides_heparinolyticus,Bacteroides_intestinalis,Bacteroides_ovatus,Bacteroides_thetaiotaomicron,Bacteroides_uniformis,Bacteroides_xylanisolvens,Bacteroides_zoogleoformans,Barnesiella_viscericola,Bifidobacterium_adolescentis,Bifidobacterium_angulatum,Bifidobacterium_animalis,Bifidobacterium_bifidum,Bifidobacterium_breve,Bifidobacterium_catenulatum,Bifidobacterium_longum,Bifidobacterium_pseudocatenulatum,Bifidobacterium_pullorum,Blattabacterium_cuenoti,Blautia_argi,Blautia_coccoides,Blautia_hansenii,Blautia_producta,Brevundimonas_diminuta,Burkholderia_pseudomallei,Butyricimonas_faecalis,Butyrivibrio_fibrisolvens,Butyrivibrio_hungatei,Butyrivibrio_proteoclasticus,Campylobacter_coli,Campylobacter_concisus,Campylobacter_jejuni,Campylobacter_rectus,Campylobacter_showae,Candidatus_Nanosynbacter_lyticus,Capnocytophaga_endodontalis,Capnocytophaga_gingivalis,Capnocytophaga_leadbetteri,Capnocytophaga_sputigena,Christensenella_minuta,Chryseobacterium_shandongense,Cloacibacillus_porcorum,Clostridioides_difficile,Clostridium_beijerinckii,Clostridium_botulinum,Clostridium_butyricum,Clostridium_hylemonae,Clostridium_innocuum,Clostridium_perfringens,Clostridium_scindens,Collinsella_aerofaciens,Comamonas_kerstersii,Corynebacterium_matruchotii,Delftia_acidovorans,Delftia_tsuruhatensis,Desulfovibrio_desulfuricans,Desulfovibrio_fairfieldensis,Desulfovibrio_piger,Desulfovibrio_vulgaris,Dialister_hominis,Dialister_massiliensis,Dialister_pneumosintes,Duncaniella_dubosii,Dysosmobacter_welbionis,Eggerthella_lenta,Eikenella_corrodens,Enterobacter_cloacae,Enterobacter_hormaechei,Enterocloster_bolteae,Enterocloster_clostridioformis,Enterococcus_faecalis,Enterococcus_faecium,Enterococcus_saigonensis,Erysipelatoclostridium_ramosum,Escherichia_coli,Ethanoligenens_harbinense,Eubacterium_callanderi,Eubacterium_cellulosolvens,Eubacterium_limosum,Eubacterium_maltosivorans,Faecalibacterium_prausnitzii,Faecalibaculum_rodentium,Faecalitalea_cylindroides,Filifactor_alocis,Flavonifractor_plautii,Fusobacterium_hwasookii,Fusobacterium_mortiferum,Fusobacterium_necrophorum,Fusobacterium_nucleatum,Fusobacterium_periodonticum,Fusobacterium_pseudoperiodonticum,Glaesserella_parasuis,Gordonibacter_pamelaeae,Gordonibacter_urolithinfaciens,Haemophilus_haemolyticus,Haemophilus_influenzae,Haemophilus_parahaemolyticus,Haemophilus_parainfluenzae,Haemophilus_pittmaniae,Herbinix_luporum,Hungatella_hathewayi,Intestinibaculum_porci,Kingella_kingae,Klebsiella_pneumoniae,Klebsiella_quasipneumoniae,Lachnoanaerobaculum_umeaense,Lachnoclostridium_phocaeense,Lachnoclostridium_phytofermentans,Lachnospira_eligens,Lacrimispora_saccharolytica,Lacrimispora_sphenoides,Lactiplantibacillus_plantarum,Lactobacillus_crispatus,Lactobacillus_mucosae,Lactococcus_lactis,Lancefieldella_parvula,Lautropia_mirabilis,Leptotrichia_buccalis,Leptotrichia_hofstadii,Leptotrichia_hongkongensis,Leptotrichia_shahii,Leptotrichia_trevisanii,Leptotrichia_wadei,Libanicoccus_massiliensis,Ligilactobacillus_ruminis,Mageeibacillus_indolicus,Magnetospirillum_gryphiswaldense,Megamonas_funiformis,Megasphaera_elsdenii,Megasphaera_stantonii,Mogibacterium_diversum,Mogibacterium_pumilum,Moraxella_bovis,Moraxella_bovoculi,Moraxella_catarrhalis,Moraxella_cuniculi,Moraxella_osloensis,Mucinivorans_hirudinis,Murdochiella_vaginalis,Muribaculum_intestinale,Neisseria_bacilliformis,Neisseria_cinerea,Neisseria_elongata,Neisseria_flavescens,Neisseria_gonorrhoeae,Neisseria_lactamica,Neisseria_meningitidis,Neisseria_mucosa,Neisseria_polysaccharea,Neisseria_sicca,Neisseria_subflava,Odoribacter_splanchnicus,Olsenella_timonensis,Olsenella_uli,Olsenella_umbonata,Ornithobacterium_rhinotracheale,Oscillibacter_valericigenes,Paenibacillus_polymyxa,Pannonibacter_phragmitetus,Parabacteroides_distasonis,Paraprevotella_xylaniphila,Parolsenella_catena,Parvimonas_micra,Pasteurella_multocida,Pauljensenia_hongkongensis,Petrimonas_mucosa,Phascolarctobacterium_faecium,Porphyromonas_asaccharolytica,Porphyromonas_cangingivalis,Porphyromonas_crevioricanis,Porphyromonas_gingivalis,Prevotella_copri,Prevotella_dentalis,Prevotella_denticola,Prevotella_enoeca,Prevotella_fusca,Prevotella_intermedia,Prevotella_jejuni,Prevotella_melaninogenica,Prevotella_oris,Prevotella_ruminicola,Prevotella_scopos,Pseudobutyrivibrio_xylanivorans,Pseudomonas_aeruginosa,Pseudomonas_fluorescens,Pseudomonas_putida,Pseudomonas_stutzeri,Pseudopropionibacterium_propionicum,Ralstonia_solanacearum,Rhodococcus_erythropolis,Rhodococcus_hoagii,Rhodococcus_qingshengii,Romboutsia_ilealis,Roseburia_hominis,Roseburia_intestinalis,Rothia_aeria,Rothia_dentocariosa,Rothia_mucilaginosa,Ruminococcus_albus,Ruminococcus_bicirculans,Ruminococcus_champanellensis,Ruminococcus_gnavus,Ruthenibacterium_lactatiformans,Salmonella_enterica,Schaalia_meyeri,Schaalia_odontolytica,Selenomonas_ruminantium,Selenomonas_sputigena,Shigella_boydii,Shigella_flexneri,Simonsiella_muelleri,Slackia_heliotrinireducens,Sorangium_cellulosum,Staphylococcus_aureus,Stenotrophomonas_maltophilia,Streptobacillus_moniliformis,Streptococcus_agalactiae,Streptococcus_anginosus,Streptococcus_australis,Streptococcus_cristatus,Streptococcus_dysgalactiae,Streptococcus_equinus,Streptococcus_gordonii,Streptococcus_gwangjuense,Streptococcus_intermedius,Streptococcus_koreensis,Streptococcus_lutetiensis,Streptococcus_mitis,Streptococcus_oralis,Streptococcus_parasanguinis,Streptococcus_pasteurianus,Streptococcus_pneumoniae,Streptococcus_pseudopneumoniae,Streptococcus_pyogenes,Streptococcus_salivarius,Streptococcus_sanguinis,Streptococcus_suis,Streptococcus_thermophilus,Streptococcus_vestibularis,Streptomyces_fradiae,Succinivibrio_dextrinosolvens,Sutterella_faecalis,Sutterella_megalosphaeroides,Tannerella_forsythia,Treponema_denticola,Treponema_socranskii,Veillonella_atypica,Veillonella_dispar,Veillonella_nakazawae,Veillonella_parvula,Veillonella_rodentium
FVF11801,low,0.0101,0.0384,0.0643,0.0222,0.0035,0.0156,0.0033,0.0017,0.0321,0.0278,0.0029,0.0392,0.0111,0.0178,0.004,0.0521,0.0082,0.004781237,2.25E-06,1.61E-05,0.00019147,0.000223491,9.39E-05,9.73E-06,1.10E-05,2.80E-05,0.000204243,4.25E-05,4.10E-06,5.29E-06,1.06E-06,6.24E-05,0.003178212,0.000894979,0.002225709,0.001036808,0.00079376,0.003475966,0.001187976,6.80E-05,0.001094994,3.64E-05,0.000104566,0.001360153,0.000179313,3.81E-05,2.32E-05,3.70E-05,3.00E-05,1.50E-05,9.38E-06,0.001158024,0.000507987,0.00035726,3.26E-05,0.03880506,0.000164469,0.000160769,0.000652944,0.003009867,0.003803319,0.01045578,0.001198855,0.0001365,0.000712803,0.012985894,7.08E-05,4.77E-05,0.001884349,0.000174027,0.00033832,0.007216607,0.000148392,3.22E-05,4.86E-05,0.000211158,0.000232081,0.000528601,0.000328498,0.000149185,4.71E-06,0.005900941,9.29E-05,6.90E-05,6.90E-05,4.77E-05,8.41E-06,0.00017046,3.88E-06,3.30E-06,8.19E-06,3.00E-06,1.02E-05,8.37E-07,4.93E-06,0.000185656,0.002652651,2.37E-05,0.001693012,6.54E-05,0.000116283,3.45E-05,7.66E-05,0.000264367,9.44E-05,0.000298855,0.007178771,9.16E-06,8.77E-06,5.38E-05,0.000397343,9.02E-05,5.44E-05,4.96E-05,8.94E-05,0.002204214,0.001375922,0.000259125,0.000183233,0.002476906,4.23E-05,2.33E-06,0.000102584,0.000176758,0.003087609,0.000498782,2.85E-05,8.66E-05,5.87E-05,6.47E-06,0.66060478,0.000128175,6.92E-05,0.000100073,0.000118177,0.000148701,0.028526655,5.64E-05,0.000513185,1.42E-05,0.001147145,4.10E-06,4.58E-06,4.62E-06,2.21E-05,1.76E-07,4.18E-06,5.64E-06,8.39E-05,7.38E-05,2.16E-06,3.61E-06,7.05E-07,5.84E-05,1.59E-06,3.46E-05,0.000160329,1.54E-05,5.73E-07,0.000306255,4.62E-05,5.93E-05,0.000320922,3.33E-05,0.000773675,0.000128395,7.77E-05,1.97E-05,2.07E-06,1.63E-06,2.10E-05,1.26E-05,2.79E-05,3.52E-07,2.25E-06,4.85E-07,1.54E-06,9.69E-07,7.80E-06,4.56E-05,1.77E-05,3.00E-05,6.35E-05,3.74E-06,0.000350742,8.29E-05,1.70E-05,1.24E-05,3.30E-06,2.38E-06,2.64E-07,4.40E-08,7.75E-06,3.26E-05,3.25E-05,7.34E-05,1.50E-06,1.23E-06,8.37E-06,3.22E-06,8.81E-07,1.41E-05,1.04E-05,1.38E-05,1.06E-06,5.24E-06,9.65E-06,0.006368846,3.61E-05,2.46E-05,4.02E-05,8.77E-06,0.000469535,3.26E-05,2.71E-05,0.048067094,0.000866129,4.79E-05,1.20E-05,3.00E-06,2.86E-06,5.43E-05,4.85E-05,6.81E-05,6.68E-05,2.03E-05,6.94E-05,0.004781237,0.000118309,9.55E-05,4.32E-05,7.93E-05,0.000242343,0.000109367,6.38E-05,4.40E-05,7.71E-05,1.50E-05,0.000132668,6.62E-05,2.34E-05,0.000333431,4.86E-05,8.32E-06,8.94E-06,0.001489341,0.002505139,0.000345104,0.000257011,0.001597387,0.001779519,2.07E-06,2.64E-06,6.76E-05,9.21E-05,0.00337946,0.00047874,0.000748921,0.005837162,0.000769359,7.09E-06,6.72E-05,5.16E-05,3.54E-05,0.001565497,0.009847675,5.29E-07,6.84E-05,2.20E-05,2.86E-05,0.00051781,2.42E-06,5.14E-05,6.65E-06,9.51E-06,3.96E-06,4.76E-06,4.05E-05,1.20E-05,1.32E-06,4.27E-06,6.61E-06,6.43E-06,8.06E-06,1.26E-05,5.37E-06,8.30E-05,1.05E-05,1.01E-06,7.05E-06,4.66E-05,6.52E-06,4.00E-05,9.16E-06,3.35E-06,0,1.55E-05,1.27E-05,1.78E-05,9.14E-05,1.47E-05,1.44E-05,1.27E-05,8.94E-06,1.85E-05,1.73E-05,1.58E-05
FVF11802,low,0.0039,0.0019,0.2595,0.0228,0.0053,0.0303,0.0021,9.00E-04,0.0184,0.0316,0.0023,0.0258,0.0453,0.0066,0.001,0.0307,0.0239,0.025287215,1.71E-06,3.47E-05,5.27E-05,3.76E-05,1.06E-05,8.23E-06,1.54E-05,5.02E-06,0.000400227,6.08E-05,3.73E-06,2.17E-06,6.16E-06,0.094505761,0.002551876,0.000287874,0.000961633,0.00036999,0.000543284,0.00275173,0.002959662,0.000207103,0.000688826,3.18E-05,0.00017055,0.00063415,0.000101791,3.26E-05,3.31E-05,2.58E-05,5.38E-05,1.63E-05,9.63E-06,0.006485182,0.0003863,0.000353991,2.46E-05,0.388323172,0.000161903,0.000127938,0.002910682,0.003735057,0.004759028,0.007581691,0.002371282,0.000129543,0.000211711,0.006470737,4.96E-05,6.14E-05,0.008066831,0.000207362,0.004634352,0.005650297,0.000539142,3.38E-05,2.14E-05,0.000178057,8.53E-05,0.000321787,0.000514134,0.000212022,1.21E-05,0.003443507,4.75E-05,3.46E-05,4.43E-05,0.000156363,6.78E-06,0.000125142,1.19E-06,1.71E-06,4.76E-06,2.07E-06,5.38E-06,5.70E-07,3.21E-06,0.000248317,4.92E-06,3.59E-05,0.001651131,1.39E-05,2.17E-05,7.71E-06,0.003603236,0.00712684,3.37E-05,0.000558713,0.011066464,7.92E-06,1.13E-05,0.00019856,0.001347414,6.29E-05,3.01E-05,7.57E-05,7.24E-05,0.000336646,5.57E-05,4.23E-05,7.57E-05,0.005030488,0.001416949,5.13E-06,3.60E-05,3.17E-05,0.01566509,0.000870559,2.88E-05,0.000218805,4.15E-05,6.52E-06,0.058398276,0.000146008,0.000108056,5.78E-05,0.000292637,0.000307186,0.046718372,2.16E-05,0.000589727,3.31E-06,0.0052903,9.84E-07,1.19E-06,6.73E-07,1.12E-05,1.04E-07,2.49E-06,3.78E-06,0.000143264,4.24E-05,1.14E-06,2.43E-06,1.55E-07,2.09E-05,4.14E-07,1.98E-05,0.000469244,2.09E-05,2.28E-06,7.40E-05,1.81E-05,2.53E-05,0.000415708,2.29E-05,0.000616702,9.88E-05,7.46E-05,1.20E-05,7.77E-07,0.000173863,9.84E-06,7.66E-06,9.37E-06,5.70E-07,1.09E-06,6.21E-07,7.25E-07,2.59E-07,3.73E-06,6.29E-05,0.003054515,6.20E-05,6.72E-05,0.000196645,6.06E-05,4.57E-05,1.84E-05,1.57E-05,2.33E-06,0,3.62E-07,1.55E-07,7.77E-06,3.45E-05,4.57E-05,6.81E-05,2.80E-06,3.62E-07,7.77E-06,3.11E-07,3.31E-06,9.99E-06,1.61E-05,5.64E-06,2.23E-06,3.11E-07,9.32E-07,0.03504608,6.53E-05,3.78E-05,5.56E-05,4.30E-06,0.000853214,5.82E-05,3.08E-05,0.026001877,0.000430671,5.07E-05,2.93E-05,3.31E-06,5.64E-06,6.08E-05,0.010559009,0.000122502,3.97E-05,1.51E-05,5.49E-05,0.025287215,0.000256083,0.000336543,0.000105208,0.000153826,0.000553328,0.000121829,0.00017697,0.000149166,0.000207259,7.19E-05,5.50E-05,6.47E-05,2.05E-05,0.000983741,5.33E-05,1.25E-05,1.56E-05,0.004241166,0.006013349,0.000971625,0.000163663,0.001337888,0.001967068,4.14E-06,8.34E-06,2.04E-05,0.000101015,0.011315868,0.000797244,0.013001793,0.045242088,0.000128456,4.71E-06,2.08E-05,3.84E-05,4.65E-05,0.000124573,0.000477425,5.70E-07,8.00E-05,4.46E-05,2.65E-05,0.001796725,6.21E-07,6.80E-05,1.10E-05,2.95E-06,3.62E-06,3.93E-06,6.01E-06,5.44E-06,4.14E-07,3.26E-06,9.32E-07,5.02E-06,5.49E-06,5.75E-06,2.59E-06,0.000144713,4.25E-06,5.70E-07,7.92E-06,4.10E-05,1.04E-05,9.06E-05,3.11E-06,1.09E-06,0,5.80E-06,1.76E-05,1.88E-05,6.78E-05,2.69E-06,8.80E-06,3.11E-06,7.35E-06,5.95E-06,1.15E-05,1.24E-05
FVF11803,high,0.0163,0.0027,0.2041,0.0386,0.0066,0.0526,0.0027,0.0024,0.0397,0.0317,0.0062,0.0261,0.0053,0.0024,0.0011,0.1811,0.011,0.000309192,1.42E-06,3.42E-05,4.28E-05,5.10E-05,4.06E-05,4.86E-06,5.59E-06,1.55E-05,0.000401739,0.000741894,2.99E-06,3.93E-06,7.36E-07,0.128454881,0.007055574,0.002685765,0.055481737,0.031029266,0.001773597,0.128172874,0.046251956,0.000141224,0.001146724,8.28E-05,7.12E-05,0.00156127,0.000162472,3.17E-05,3.87E-05,0.000122283,0.00013774,3.32E-05,2.39E-05,0.067709028,0.001212478,0.019853013,5.34E-05,0.022022411,0.000426323,0.000304825,0.005514325,0.017843584,0.013595076,0.034782409,0.00519262,0.000223859,0.000444626,0.000437069,6.09E-05,2.28E-05,0.000130527,0.000387263,0.00298637,0.026781103,0.021634952,0.00011242,7.30E-05,0.000237108,0.000201335,0.000532511,0.000490605,7.56E-05,1.04E-05,0.002103497,8.99E-05,9.38E-05,0.00010712,0.000187056,9.08E-06,8.07E-05,6.38E-07,1.86E-06,1.67E-06,0,3.04E-06,2.11E-06,2.65E-06,0.000306837,1.43E-05,3.07E-05,0.002193148,0.000233427,0.000450318,0.000127141,0.00012454,0.000725554,0.000249375,0.000520636,0.005916113,6.33E-06,3.34E-06,8.38E-05,0.000618728,0.000102704,7.00E-05,0.000134992,0.000171697,1.41E-05,1.89E-05,1.79E-05,8.18E-05,0.013929981,0.000374848,4.66E-06,3.57E-05,2.02E-05,0.003729491,0.001458517,0.000171206,0.00029982,0.000237942,2.95E-05,0.010680202,0.000221651,0.000103686,8.41E-05,0.000270819,0.000166103,0.036555614,4.45E-05,0.000479368,5.19E-05,0.012315421,1.58E-05,4.49E-05,5.05E-06,0.000110506,3.23E-05,3.89E-05,1.86E-06,0.000329164,7.48E-05,3.14E-06,3.29E-06,4.42E-07,7.12E-05,2.06E-06,6.00E-05,0.000150155,3.20E-05,1.23E-06,0.000239758,1.44E-05,6.84E-05,0.000394918,6.29E-05,0.000938862,0.000158154,8.14E-05,8.73E-05,3.97E-06,2.17E-05,3.43E-05,9.03E-06,5.74E-06,8.00E-06,4.66E-06,2.60E-06,1.76E-05,3.01E-05,9.81E-07,4.05E-05,3.69E-05,6.71E-05,0.000104912,0.00382557,4.91E-05,5.77E-05,2.23E-05,1.44E-05,1.91E-06,2.11E-06,1.47E-07,4.61E-06,2.65E-06,4.60E-05,3.81E-05,0.000122087,4.37E-06,6.87E-07,1.22E-05,5.89E-07,8.34E-07,1.02E-05,1.39E-05,1.62E-06,1.03E-06,4.91E-08,2.55E-06,0.010866914,5.56E-05,3.17E-05,4.70E-05,2.39E-05,0.000657346,5.52E-05,3.83E-05,0.009868383,0.000396096,4.39E-05,6.36E-05,0.000202513,8.69E-06,8.96E-05,0.00927159,4.43E-05,2.74E-05,2.31E-05,8.92E-05,0.000309192,5.46E-05,5.73E-05,3.05E-05,2.99E-05,0.000201728,1.58E-05,5.02E-05,2.95E-05,2.73E-05,1.05E-05,0.000185486,4.56E-05,4.29E-05,0.000784634,4.74E-05,5.74E-06,1.78E-05,0.001265033,0.003913357,0.000294667,0.000218118,0.002373825,0.002011294,4.51E-06,8.10E-06,0.000227981,0.000109574,0.000261937,0.000496248,0.000735171,0.012418567,0.000213063,7.65E-06,5.38E-05,4.88E-05,5.06E-05,2.46E-05,0.000238482,1.86E-06,6.73E-05,4.42E-05,0.000130085,0.00081442,4.85E-05,0.000118309,1.20E-05,3.27E-05,1.72E-05,9.76E-06,2.31E-05,2.16E-05,9.32E-07,1.03E-05,1.20E-05,1.49E-05,1.29E-05,1.11E-05,0.000323226,0.000227932,2.94E-05,1.32E-06,1.59E-05,0.001142651,4.56E-05,9.94E-05,2.99E-05,8.15E-06,0,1.35E-05,1.40E-05,2.14E-05,0.000135091,8.54E-06,1.03E-05,1.57E-05,4.67E-05,7.46E-05,8.91E-05,1.75E-05
FVF11804,high,0.1105,0.0206,0.055,0.0206,0.0072,0.0054,0.0092,0.0073,0.0727,0.0788,0.0132,0.0257,0.285,0.0175,0.007,0.0695,0.0125,0.178555029,6.91E-06,0.000127184,0.00014124,0.000100773,9.75E-05,1.35E-05,6.91E-06,1.98E-05,0.000859345,0.000755512,3.74E-06,2.11E-05,3.85E-06,0.003135515,0.001373977,0.0007622,0.006329636,0.004092913,0.002872645,0.002974778,0.005037274,0.00026219,0.006815135,0.000187263,0.000250628,0.005059492,0.000784304,0.000177854,0.000103266,0.000133646,0.000236345,3.08E-05,3.85E-05,0.00557435,0.00201466,0.004185864,0.000117549,0.083182127,0.000771948,0.0005568,0.000653832,0.013858908,0.015150816,0.003801477,0.005515179,0.000565869,0.000858778,0.034139609,0.001122442,0.00022331,0.000820124,0.00052268,0.001285333,0.000737828,0.000337005,9.87E-05,0.00012299,0.000678317,0.000691806,0.001186941,0.001254388,0.000181595,5.69E-05,0.025466924,0.000527328,0.000524154,0.000550339,0.000394362,2.21E-05,0.000199845,8.39E-06,1.41E-05,2.26E-05,1.84E-05,4.13E-05,3.29E-06,2.73E-05,0.002582343,1.03E-05,0.00010202,0.004839696,9.23E-05,0.000210387,0.000102133,0.000333717,0.000964085,0.00015371,0.001600914,0.005586139,5.23E-05,1.73E-05,0.000245754,0.001494247,0.000211747,0.000115622,0.000336098,0.000235665,2.95E-05,6.50E-05,2.35E-05,0.000306626,0.007347791,0.000462489,9.86E-06,0.0001044,5.27E-05,0.01461442,0.002101037,4.27E-05,0.000468383,0.000219229,4.92E-05,0.008190019,0.000576637,0.000167312,0.000354688,0.000348,0.000242467,0.184718826,0.000106781,0.001202017,3.25E-05,0.003991233,1.73E-05,1.33E-05,1.30E-05,3.70E-05,1.13E-06,7.37E-06,1.02E-05,0.000327143,9.91E-05,2.38E-06,7.14E-06,2.95E-06,4.34E-05,1.87E-05,0.00015473,0.000529822,0.00020676,2.27E-06,0.000150309,6.96E-05,0.0003149,0.000981542,0.000232038,0.005383347,0.000820464,0.000303338,4.92E-05,8.96E-06,6.23E-06,5.01E-05,4.53E-05,1.41E-05,1.26E-05,1.95E-05,4.42E-06,9.52E-06,7.59E-06,9.64E-06,0.000183182,0.000146115,0.000302205,0.000230904,2.47E-05,0.000189643,0.0001409,5.08E-05,4.81E-05,8.84E-06,3.40E-07,4.53E-07,1.02E-06,2.26E-05,0.000113922,0.000111201,0.000333717,2.21E-05,1.25E-06,2.69E-05,1.47E-06,4.76E-06,6.67E-05,1.85E-05,9.30E-06,6.80E-06,1.22E-05,4.53E-06,0.010579772,0.000181368,9.86E-05,0.00018885,5.80E-05,0.002141278,0.000215035,6.23E-05,0.026887717,0.005279854,0.00012333,5.60E-05,1.96E-05,2.47E-05,0.000287355,0.00060611,0.000129338,0.000219002,5.79E-05,0.0002767,0.178555029,0.001956056,0.001936445,0.000613705,0.001362415,0.002318452,0.000950596,0.002156581,0.001301317,0.001758364,0.002844193,0.001256995,0.000344373,7.65E-05,0.001121422,0.000130245,1.61E-05,3.32E-05,0.002873212,0.005971207,0.000671062,4.23E-05,0.008416163,0.011834839,1.09E-05,1.73E-05,0.000101226,0.000349587,0.002502994,0.001617124,0.002275717,0.005019704,0.000337118,1.35E-05,8.61E-05,0.000111201,0.000120837,5.78E-05,0.000202792,6.80E-07,0.000210274,0.000135573,0.000146795,0.001744082,3.06E-06,0.000407738,6.20E-05,4.31E-06,1.02E-05,7.48E-06,1.17E-05,1.05E-05,2.38E-06,8.39E-06,6.91E-06,7.06E-05,2.20E-05,2.56E-05,7.03E-06,0.000630028,0.000331564,3.29E-06,2.87E-05,0.000110748,2.54E-05,0.000221723,3.55E-05,2.83E-06,0,1.43E-05,4.98E-05,6.79E-05,0.000254709,2.65E-05,1.73E-05,1.22E-05,2.91E-05,2.86E-05,3.55E-05,1.93E-05
FVF11806,high,0.0307,0.0115,0.0448,0.0074,0.0067,0.0026,0.0371,0.0071,0.0511,0.1872,0.009,0.0077,0.1888,0.1152,0.0027,0.0387,0.0258,0.144463381,8.23E-06,0.000101082,0.000215209,0.000973218,1.75E-05,1.54E-05,1.11E-05,9.21E-06,0.000744755,0.000124521,5.23E-06,1.66E-05,5.51E-06,0.000436975,0.009371456,0.000164284,0.000907435,0.002271657,0.002647173,0.000251275,0.001510787,0.000184654,0.002719375,0.000164703,0.000183189,0.003117215,0.00025267,0.000157238,9.65E-05,4.12E-05,5.87E-05,0.000120336,0.00015975,0.000364844,0.001950622,0.002782507,0.000101919,0.018674547,0.00034831,0.000325987,0.001894117,0.010591693,0.086993273,0.014591648,0.011002369,0.000323476,0.000560659,0.013206568,0.001624077,3.45E-05,0.000128358,0.000242555,0.00184375,0.004667486,0.000468297,2.68E-05,3.20E-05,0.000727385,0.000317616,0.001570013,0.000724874,0.00013638,5.52E-05,0.00220678,0.000377819,0.000366657,0.000373494,0.000103175,1.72E-05,6.82E-05,1.12E-05,1.53E-05,4.19E-06,3.84E-06,3.28E-05,2.30E-06,1.85E-05,0.000245694,9.21E-06,7.05E-05,0.002751883,7.73E-05,0.000142589,6.89E-05,0.000355845,0.00141417,0.000184305,0.000987868,0.01518635,3.14E-05,4.53E-06,0.000185003,0.001422471,0.000149356,8.13E-05,0.000125637,0.000197629,0.000784937,0.000446183,0.000141124,0.000393236,0.003796744,0.000145868,1.10E-05,7.68E-05,1.96E-05,0.001254071,0.000903668,2.85E-05,0.000321523,0.000149425,9.60E-05,0.005589221,0.000343009,9.04E-05,0.000363588,0.000158145,0.000482319,0.360116382,0.000154657,0.000643394,1.58E-05,0.002615433,5.72E-06,0.000191281,1.33E-05,3.27E-05,2.58E-06,6.35E-06,3.28E-06,0.00015389,8.67E-05,9.07E-06,9.07E-06,1.19E-06,0.000283852,6.42E-06,0.00014231,0.000358565,0.000490411,6.14E-06,0.000372308,3.44E-05,0.000235927,0.000750127,0.000178794,0.003067057,0.000277365,0.000262157,6.34E-05,1.51E-05,0.005810081,6.48E-05,1.49E-05,2.32E-05,3.14E-06,8.09E-06,2.16E-06,1.82E-05,6.00E-06,1.14E-05,0.000397003,0.006426896,9.36E-05,0.000102268,1.83E-05,9.41E-05,0.000114685,4.41E-05,6.48E-05,1.35E-05,6.98E-08,1.12E-06,7.39E-06,3.84E-06,8.32E-05,6.36E-05,0.000460345,1.47E-05,5.09E-06,1.32E-05,2.09E-07,1.01E-05,9.07E-07,2.32E-05,1.53E-06,2.43E-05,2.16E-06,1.45E-05,0.005401428,0.00013066,8.86E-05,0.00015975,3.69E-05,0.00177713,0.000151169,9.00E-05,0.003694058,0.000471785,0.005645238,3.17E-05,1.42E-05,8.79E-06,0.000169656,4.76E-05,0.000115034,0.000115871,5.58E-05,0.000179422,0.144463381,0.001576989,0.001708486,0.000653719,0.001040118,0.003196671,0.000630977,0.001448282,0.001140711,0.001632308,0.000681274,0.000757172,0.000169586,7.58E-05,0.001063278,0.000123265,1.35E-05,5.13E-05,0.003244735,0.006112768,0.000741686,0.000288317,0.008360497,0.007324077,5.93E-06,2.02E-05,0.000167423,0.00033973,0.002327185,0.001161012,0.00193967,0.005469793,0.000250856,8.58E-06,6.41E-05,9.72E-05,0.000110499,3.46E-05,0.000133032,6.63E-06,0.000128497,8.80E-05,0.000108546,0.001315739,5.58E-06,0.000206559,1.87E-05,3.49E-05,1.48E-05,1.29E-05,5.99E-05,5.50E-05,3.07E-06,1.17E-05,1.83E-05,0.000138264,2.07E-05,3.08E-05,0.000125916,0.000590377,3.65E-05,2.65E-06,1.34E-05,0.002318535,4.06E-05,0.000126753,8.29E-05,2.57E-05,9.79E-05,2.40E-05,0.000780612,0.00026132,0.000181724,2.99E-05,3.56E-05,2.50E-05,3.59E-05,3.47E-05,6.22E-05,1.62E-05
FVF11807,low,0.0794,0.0172,0.1525,0.0033,0.0144,0.019,0.0166,0.011,0.0541,0.0701,0.0117,0.0078,0.1032,0.0396,0.0066,0.0941,0.0289,0.073171414,1.28E-05,9.89E-05,0.000349561,0.000124344,6.80E-05,2.58E-05,2.20E-05,8.84E-05,0.000888353,0.000140082,1.06E-05,1.21E-05,6.17E-06,0.000205337,0.000175793,0.000115508,0.000283478,0.001455953,0.001829444,0.000274918,0.000291577,0.000377633,0.004619491,0.000273906,0.00037073,0.006779997,0.000500228,0.000171743,0.000110538,0.000291117,0.00011155,1.79E-05,0.000191532,0.000406717,0.004926163,0.000285042,8.60E-05,0.142800737,0.000396133,0.000361526,0.00066019,0.020520386,0.00730664,0.024044622,0.047647185,0.000433776,0.000368797,0.00100156,3.97E-05,5.04E-05,6.76E-05,0.000223101,0.000165945,0.000704921,0.000176069,3.45E-05,3.33E-05,0.001144127,0.000574135,0.001411867,0.001790328,0.001208922,5.26E-05,0.002431834,0.000749283,0.00070759,0.000575147,0.000112011,2.95E-05,9.03E-05,1.14E-05,2.05E-05,5.98E-06,7.46E-06,2.02E-05,3.50E-06,1.86E-05,0.00253731,1.90E-05,0.0001341,0.003414251,0.000155176,0.000158674,0.000102531,0.000534282,0.003074445,9.76E-05,0.002059172,0.007423252,3.96E-06,1.25E-05,0.001174868,0.008108293,6.64E-05,5.03E-05,6.20E-05,7.86E-05,2.04E-05,8.03E-05,5.57E-05,0.000273998,0.007507743,0.000657797,5.52E-06,7.17E-05,0.000134744,0.004788566,0.00119484,4.73E-05,0.000431843,0.000132719,2.98E-05,0.0332617,0.000507039,0.000175793,0.000480348,0.000917621,0.000539804,0.126294138,0.000144224,0.00222935,3.31E-05,0.00854796,1.17E-05,0.00030299,2.37E-05,3.59E-05,1.38E-06,1.20E-05,8.74E-06,0.000123699,0.000100874,1.16E-05,1.66E-05,3.04E-06,0.000378369,9.20E-06,0.000170087,0.000506671,0.000213161,1.92E-05,0.00034588,2.68E-05,0.000376989,0.001537499,0.000317164,0.005182029,0.000433132,0.000360514,7.62E-05,2.62E-05,3.41E-05,3.84E-05,4.22E-05,4.14E-05,7.18E-06,2.30E-06,3.13E-06,2.88E-05,1.35E-05,1.19E-05,0.000176437,0.000205337,0.000348273,9.67E-05,3.20E-05,0.000401471,0.000193004,5.26E-05,6.53E-05,9.30E-06,1.01E-06,1.20E-06,2.67E-06,6.15E-05,6.51E-05,0.000165117,0.000276023,1.38E-05,6.53E-06,2.67E-05,6.26E-06,1.09E-05,7.64E-06,2.26E-05,2.08E-05,1.67E-05,1.22E-05,2.05E-05,0.003180105,0.000175517,0.000122319,0.000183248,6.08E-05,0.002143295,0.00016484,6.56E-05,0.008780356,0.000339529,0.000198434,4.93E-05,3.82E-05,1.62E-05,0.000212608,0.000290657,9.71E-05,7.49E-05,4.86E-05,0.000187574,0.073171414,0.001688994,0.001537315,0.000654024,0.000911087,0.001810208,0.000538332,0.001530412,0.001117252,0.001357748,0.00080285,0.001739523,0.000123976,0.000105292,0.003360684,0.000150483,2.24E-05,6.07E-05,0.025426208,0.02548677,0.005864124,7.92E-06,0.009248647,0.019698116,1.82E-05,3.17E-05,0.000136861,0.000468014,0.002663771,0.001479331,0.02057248,0.057913683,0.000433592,1.22E-05,0.000206166,0.001598244,0.001189226,0.000213897,0.000983889,2.12E-06,0.000212608,0.000127197,0.000122135,0.01129659,5.61E-06,0.000424849,4.55E-05,3.92E-05,1.42E-05,1.56E-05,8.86E-05,4.46E-05,9.02E-06,2.00E-05,1.33E-05,0.00011606,9.12E-05,6.21E-05,0.000253657,0.000543762,0.000136861,1.33E-05,3.20E-05,0.001678133,2.80E-05,0.000245006,7.23E-05,2.15E-05,0,2.47E-05,2.73E-05,2.58E-05,0.000113391,1.47E-05,3.28E-05,0.000115232,0.000137873,0.000142475,0.000323422,3.32E-05
FVF11808,low,0.0318,0.0017,0.373,0.0227,0.0027,0.0057,0.0138,0.0023,0.038,0.0986,0.0067,0.0262,0.0088,0.002,0.0304,0.0301,0.0686,6.06E-05,5.60E-06,3.72E-05,4.11E-05,1.74E-05,3.45E-05,2.82E-06,2.51E-06,8.30E-06,0.000271617,7.15E-05,4.19E-06,2.93E-06,9.90E-07,0.003999497,0.005089241,0.001835548,0.004060051,0.000374978,0.001375833,0.024639809,0.003972496,0.00024572,0.001963892,0.00010119,8.78E-05,0.002944563,0.000175188,6.37E-05,3.66E-05,4.34E-05,8.35E-05,2.19E-05,2.01E-05,0.00441355,0.002776878,0.010393697,4.17E-05,0.010231343,0.001618887,0.000805902,0.001556733,0.06493744,0.023099757,0.066034343,0.018410363,0.000572331,0.000398438,0.026729227,6.95E-05,9.40E-05,9.28E-05,0.000330534,0.001048879,0.003850169,0.004515463,4.69E-05,1.82E-05,0.00043477,0.00029184,0.000807501,0.000680033,6.84E-05,2.62E-05,0.001155858,0.000208283,0.000200514,0.000198114,0.000131772,8.15E-06,5.19E-05,3.92E-06,4.49E-06,3.50E-06,4.53E-06,1.52E-06,2.06E-06,1.17E-05,0.000573054,1.33E-05,2.54E-05,0.00230966,5.29E-05,0.00011391,4.14E-05,0.000151309,0.000474149,5.82E-05,0.000697247,0.010902998,5.41E-06,2.02E-06,0.000105341,0.000859296,6.45E-05,4.28E-05,5.54E-05,8.88E-05,5.18E-06,8.80E-06,1.33E-05,0.000214529,0.003833183,5.91E-05,4.42E-06,1.99E-05,1.21E-05,0.001311851,0.001270911,2.56E-05,0.000251394,7.17E-05,1.68E-05,0.001934415,0.000138703,5.85E-05,0.000158126,0.000122593,0.000189926,0.11136664,7.62E-05,0.000677481,1.54E-05,0.00279969,3.08E-06,5.75E-06,4.08E-06,2.07E-05,1.61E-05,8.26E-06,5.07E-06,5.08E-05,9.20E-05,3.20E-06,5.67E-06,2.67E-07,5.31E-05,1.10E-06,6.23E-05,0.00018448,7.97E-05,1.64E-06,2.78E-05,1.76E-05,0.000130248,0.000497343,0.000114062,0.00219076,0.00015885,0.000127506,5.13E-05,6.59E-06,0.000737045,2.08E-05,5.52E-06,1.05E-05,6.09E-07,6.93E-06,2.48E-06,4.65E-06,8.19E-06,4.99E-06,3.46E-05,0.026398275,7.93E-05,9.57E-05,1.49E-05,3.33E-05,4.31E-05,2.25E-05,2.17E-05,3.16E-06,1.52E-06,1.56E-06,1.03E-06,4.34E-06,2.68E-05,3.65E-05,0.000140417,3.62E-06,1.68E-06,7.24E-06,5.71E-07,2.29E-07,9.52E-07,1.27E-05,1.33E-06,6.97E-06,1.87E-06,2.36E-06,0.004907008,4.11E-05,2.88E-05,4.47E-05,9.29E-06,0.000505645,4.06E-05,3.04E-05,0.01129717,0.000330115,4.10E-05,1.25E-05,7.68E-05,3.43E-06,4.36E-05,6.12E-05,0.000135504,3.51E-05,2.67E-05,7.44E-05,6.06E-05,6.20E-05,5.98E-05,3.44E-05,2.76E-05,0.000191183,3.46E-05,4.75E-05,3.68E-05,4.16E-05,2.13E-05,0.00042384,6.97E-05,3.27E-05,0.000471445,4.11E-05,5.67E-06,2.29E-05,0.001701415,0.001622771,0.000377758,0.000197162,0.003862889,0.03404023,2.32E-06,6.74E-06,3.35E-05,0.000164524,0.0761517,0.000338836,0.001475004,0.002046992,0.000243625,3.31E-06,3.33E-05,4.49E-05,4.24E-05,3.60E-05,4.00E-05,1.71E-06,4.59E-05,3.37E-05,6.16E-05,0.000720631,3.77E-06,5.34E-05,1.89E-05,9.10E-06,2.24E-05,5.14E-06,2.79E-05,1.28E-05,1.90E-06,6.06E-06,2.32E-06,2.22E-05,1.31E-05,1.67E-05,4.84E-05,0.000321241,1.56E-05,2.17E-06,1.62E-05,0.000339179,1.64E-05,5.93E-05,0.00034055,5.41E-06,3.84E-05,6.36E-06,0.000353955,0.000559763,9.36E-05,6.02E-06,1.29E-05,2.12E-05,3.11E-05,3.72E-05,1.88E-05,1.77E-05
FVF11809,high,0.006,0.0115,0.0052,0.0063,0.0018,0.0017,0.0056,0.002,0.0361,0.05,0.0039,8.00E-04,0.41,0.0059,0.0029,0.018,0.0092,0.5300876,1.41E-05,4.82E-05,0.000141453,5.65E-05,2.41E-05,8.22E-06,5.46E-06,1.60E-05,0.000405767,8.92E-05,8.62E-06,2.32E-05,7.79E-05,8.26E-05,0.000580158,0.000378218,0.00232555,0.003681408,0.002933864,0.001238318,0.005459671,0.000198573,0.001211374,5.15E-05,9.72E-05,0.000851613,0.000347367,4.99E-05,4.95E-05,8.92E-05,3.55E-05,2.41E-05,1.06E-05,0.000210293,0.000853499,0.000449146,0.000130541,0.011775467,0.000276102,0.0002629,0.000599692,0.003844011,0.007582607,0.000944433,0.004503181,0.000276911,0.000359223,0.031258626,6.61E-05,8.40E-05,8.03E-05,0.000265055,0.000881991,0.001683826,0.002186994,4.49E-05,6.63E-05,0.000262631,0.000121447,0.000513541,0.000419374,6.13E-06,3.27E-05,0.004891368,0.00015223,0.000127981,0.000147313,0.000309377,2.95E-05,0.000116193,4.58E-06,2.22E-06,5.46E-06,8.22E-06,2.51E-05,1.55E-06,4.40E-05,0.000322377,4.38E-06,3.35E-05,0.00180817,8.44E-05,7.04E-05,3.24E-05,0.000134919,0.000522095,5.48E-05,0.000448405,0.003552215,4.72E-06,8.96E-06,2.82E-05,0.000107908,0.000101172,5.93E-05,0.001895264,0.000142194,2.16E-05,1.39E-05,1.49E-05,0.000285196,0.006494364,7.60E-05,6.53E-06,0.000111074,3.44E-05,0.002635466,0.001327904,3.39E-05,0.000130945,0.000162266,2.65E-05,0.001502969,0.000219386,6.74E-05,0.000156002,0.000115924,0.000205578,0.170399941,8.26E-05,0.000973262,2.30E-05,0.005839842,1.95E-06,2.42E-06,5.66E-06,2.15E-05,1.55E-06,1.09E-05,3.23E-05,5.83E-05,4.41E-05,6.80E-06,4.06E-05,1.15E-05,0.00015479,5.12E-06,8.04E-05,0.000574972,0.00013822,2.42E-06,0.001857746,2.42E-05,9.83E-05,0.000347704,8.43E-05,0.000892163,0.00018207,0.000150816,2.55E-05,2.76E-06,0.000679512,2.73E-05,2.28E-05,2.09E-05,8.49E-06,2.16E-06,1.41E-06,4.51E-06,2.76E-06,1.41E-06,7.96E-05,0.001843331,5.85E-05,0.00010124,1.10E-05,0.018895928,0.00034757,4.16E-05,4.12E-05,3.23E-06,3.84E-06,1.55E-06,5.79E-06,1.38E-05,5.53E-05,3.50E-05,0.000296983,5.93E-06,1.30E-05,8.35E-06,2.02E-07,1.21E-06,1.95E-05,3.94E-05,7.81E-06,3.57E-06,4.11E-06,3.97E-06,0.001998053,8.29E-05,4.48E-05,8.03E-05,8.68E-05,0.001103803,9.94E-05,5.83E-05,0.001957908,0.000397617,7.31E-05,2.43E-05,0.000278797,3.84E-06,0.000190018,0.00034831,0.00016065,0.000116059,3.76E-05,0.000211505,0.5300876,0.001693391,0.001762366,0.000546344,0.000991988,0.001804667,0.000725114,0.00174849,0.001040351,0.001519472,0.000695206,0.000282097,0.000112825,4.27E-05,0.000418633,0.000124478,1.04E-05,3.43E-05,8.07E-05,0.000310186,1.85E-05,7.85E-05,0.00318208,0.003994962,9.83E-06,1.39E-05,0.000418229,0.000191904,0.004122943,0.000547826,0.001341241,0.0036839,0.000346155,5.32E-06,6.33E-05,8.41E-05,6.03E-05,5.79E-06,3.48E-05,4.72E-07,9.03E-05,5.64E-05,4.77E-05,0.000119898,8.76E-07,0.000304797,3.92E-05,0.000125489,6.81E-05,2.85E-05,0.000120774,5.20E-05,7.48E-06,1.48E-05,6.70E-05,2.63E-05,6.30E-05,0.000163748,0.000494074,0.000262159,4.51E-05,6.74E-06,2.24E-05,0.004473072,0.000158696,0.000223832,0.000122592,5.39E-05,0.000143878,0.008144713,0.005576268,8.80E-05,0.000184697,5.99E-06,1.63E-05,0.000114711,0.000112556,0.000105753,0.000241278,1.23E-05
FVF11815,high,0.0506,0.0019,0.0135,0.0234,0.0038,0.0057,0.0219,0.0198,0.0322,0.1289,0.0067,0.0025,0.4142,0.006,0.0026,0.0397,0.0121,0.232979075,1.27E-05,0.000105043,0.000103929,8.42E-05,3.19E-05,3.34E-06,1.39E-05,3.84E-05,0.000706345,0.000817931,1.66E-05,1.69E-05,3.28E-05,0.000727437,0.000959938,0.000361839,0.001275694,0.002421703,0.002478228,0.004727643,0.004809645,0.000235007,0.006778528,0.0002309,0.000254498,0.004700912,0.000347847,0.000192753,0.000118896,7.21E-05,6.90E-05,6.34E-05,0.000272249,0.006055128,0.000564825,0.001526364,9.25E-05,0.004624549,0.000887125,0.000624482,0.000841808,0.009263438,0.009657159,0.002825378,0.008329395,0.000537398,0.000490202,0.037094335,0.005032888,0.000106366,0.019479365,0.000576868,0.008094736,0.002010719,0.001050642,5.66E-05,4.97E-05,0.000695694,0.000630677,0.001183599,0.001155337,1.13E-05,0.000123699,0.00249563,0.000413699,0.000451359,0.000411472,0.000131147,3.43E-05,7.94E-05,5.92E-06,1.10E-05,8.84E-06,1.62E-05,1.96E-05,9.19E-06,3.82E-05,0.000410567,7.52E-06,0.000101772,0.003498379,7.09E-05,0.000172984,9.84E-05,0.000518534,0.000809091,0.000146253,0.001415334,0.023990936,0.000607288,9.40E-06,2.42E-05,9.19E-05,0.000202012,7.80E-05,0.000155929,0.000208346,0.000839928,0.000676064,0.000533152,0.000210017,0.008215372,0.000177926,1.11E-05,9.23E-05,5.35E-05,0.003414846,0.002017958,3.86E-05,0.000219623,0.000330583,9.15E-05,0.0034571,0.000429571,0.000163447,0.000392677,0.000253663,0.00034381,0.305466308,0.000164074,0.002364344,4.24E-05,0.006070234,7.38E-06,1.13E-05,7.94E-06,4.55E-05,8.35E-07,1.94E-05,5.78E-06,0.000154885,0.00010741,6.47E-06,1.06E-05,1.23E-05,0.000162472,5.50E-06,0.000162124,0.000390031,0.000546169,1.04E-05,0.00186551,7.30E-05,0.000257909,0.001070829,0.00024162,0.002737877,0.000509971,0.000238558,0.000123212,1.14E-05,0.005164175,9.92E-05,2.99E-05,2.95E-05,7.73E-06,5.64E-06,5.01E-06,1.27E-05,1.65E-05,7.87E-06,0.000156695,0.016778034,0.000117504,0.000169573,1.79E-05,0.000141311,0.000181337,4.48E-05,5.82E-05,7.17E-06,1.81E-06,9.12E-06,2.16E-06,1.31E-05,4.35E-05,0.000121611,0.000182729,1.31E-05,1.67E-06,1.60E-05,5.85E-06,2.51E-06,1.90E-05,3.09E-05,1.91E-05,9.12E-06,7.73E-06,1.16E-05,0.011353862,0.000139362,9.29E-05,0.000147367,6.52E-05,0.00197111,0.000190526,0.0001182,0.014238758,0.000519647,0.000133445,4.02E-05,2.70E-05,1.45E-05,0.000221155,6.49E-05,6.63E-05,8.36E-05,3.13E-05,0.000169294,0.232979075,0.001741115,0.002007656,0.000717413,0.001591033,0.00238474,0.001060526,0.002704742,0.001560126,0.001953011,0.001186453,0.00097038,0.000219623,6.99E-05,0.000336013,0.000109429,1.52E-05,5.75E-05,5.81E-05,0.000210435,1.41E-05,0.00011103,0.007060035,0.010557231,5.15E-06,9.75E-06,0.000372211,0.000259232,0.001631338,0.000755351,0.002393511,0.004351047,0.000261251,7.31E-06,0.000113536,9.17E-05,0.000155651,1.78E-05,0.000234102,1.67E-06,0.000167067,0.000106018,7.88E-05,0.000182521,5.22E-06,0.000673906,2.89E-05,2.79E-05,1.99E-05,9.19E-06,2.88E-05,5.69E-05,3.76E-06,2.18E-05,1.61E-05,0.00016477,2.64E-05,0.00010386,0.00015043,0.000315896,7.55E-05,3.27E-06,0.000124882,0.0007305,8.64E-05,0.000213149,4.52E-05,1.14E-05,0,2.05E-05,0.000500922,0.000173193,0.000148272,2.61E-05,3.11E-05,2.94E-05,7.95E-05,9.27E-05,0.000143747,4.73E-05
FVF11817,low,0.0235,0.0035,0.0407,0.0077,0.0092,0.1163,0.0074,0.0039,0.1204,0.1489,0.013,0.0364,0.0051,0.0103,0.0057,0.0986,0.0133,0.005688591,1.27E-05,0.000127161,0.000109382,0.000124088,5.49E-05,8.63E-06,1.72E-05,3.64E-05,0.001194421,0.000154086,1.31E-05,6.80E-06,1.46E-06,0.00442715,0.005455267,0.001504129,0.011420203,0.0010268,0.00075565,0.092261921,0.010904096,0.000296465,0.002774203,0.000131697,0.000170767,0.002302727,0.000843667,0.000136014,8.85E-05,9.04E-05,0.000234129,0.000340803,0.000159646,0.001568954,0.00095722,0.00568742,5.07E-05,0.026771058,0.000220812,0.000235226,0.024422968,0.004489707,0.004425321,0.01300379,0.001529444,0.000253956,0.001650606,0.005575843,9.81E-05,0.000864007,0.000224324,0.000265955,0.005201018,0.001459279,0.000423992,5.55E-05,0.000152623,0.000545373,0.000362168,0.000785208,0.00062066,2.58E-05,2.65E-05,0.001699992,0.000305538,0.000249786,0.000276857,0.000308684,2.91E-05,8.22E-05,8.63E-06,1.23E-05,1.19E-05,5.85E-06,4.02E-06,9.51E-07,2.14E-05,0.000889615,6.51E-06,7.93E-05,0.006876574,0.000304733,0.000409359,0.00011882,0.000293319,0.001316168,0.00031483,0.001251344,0.044575725,5.88E-05,1.85E-05,1.33E-05,5.96E-05,0.000262078,0.000139087,0.00023347,0.000377166,0.046764754,0.051172808,2.69E-05,0.00016689,0.006838016,0.000174572,6.07E-06,0.000124527,6.86E-05,0.003285189,0.002254145,0.000192498,0.000442722,0.000216349,6.79E-05,0.002772374,0.000643049,0.000298221,0.000279345,0.00031922,0.000425821,0.241764676,0.000115235,0.001097477,3.12E-05,0.004257334,1.81E-05,0.001342727,3.02E-05,9.91E-05,8.05E-06,1.94E-05,4.10E-06,0.000203326,0.000164329,8.34E-06,1.53E-05,1.90E-06,5.18E-05,1.90E-06,0.000116113,0.000409505,0.000247079,2.34E-06,0.0002203,5.70E-05,0.000204058,0.000904833,0.000134697,0.002353723,0.00026237,0.000217374,0.000124527,1.60E-05,7.39E-06,9.35E-05,4.84E-05,2.75E-05,5.93E-06,1.30E-05,9.51E-06,9.15E-06,4.98E-06,1.03E-05,0.000261785,8.20E-05,0.00018979,0.000273565,0.020597016,0.000117284,0.000170036,4.01E-05,7.94E-05,9.37E-06,1.83E-06,2.34E-06,1.68E-06,7.76E-06,6.96E-05,0.000245835,0.000167109,8.27E-06,3.73E-06,1.66E-05,1.10E-06,1.10E-06,4.26E-05,2.59E-05,1.43E-05,4.24E-06,3.44E-06,1.05E-05,0.013857188,0.000154013,9.20E-05,0.000140916,0.000135575,0.001870979,0.000166158,7.09E-05,0.030050759,0.002193052,0.000170621,8.01E-05,0.00039736,2.58E-05,8.87E-05,0.002494859,0.000137112,0.00012321,4.28E-05,0.000123722,0.005688591,0.000412212,0.000209911,8.96E-05,0.000144501,0.000281979,0.000260175,0.000147574,8.21E-05,0.000165061,4.79E-05,0.000486768,0.000471696,0.000110406,0.000167768,0.000114577,1.02E-05,4.63E-05,5.75E-05,0.000119625,2.56E-05,0.000205375,0.005183825,0.006969859,1.67E-05,3.48E-05,0.00016367,0.000356241,0.008270589,0.001730795,0.001140937,0.009039116,0.000458892,9.51E-06,0.000118747,9.30E-05,9.69E-05,7.39E-06,1.41E-05,5.19E-06,0.000244152,0.000132429,0.000193815,0.000128332,1.31E-05,0.000357558,3.17E-05,9.58E-06,1.90E-05,2.49E-05,1.53E-05,2.32E-05,3.51E-06,1.27E-05,9.51E-07,1.87E-05,2.84E-05,1.54E-05,3.88E-06,0.001224492,5.52E-05,3.29E-06,3.98E-05,4.42E-05,1.06E-05,0.000534764,2.30E-05,6.95E-06,0,3.31E-05,0.000477476,0.000293465,0.000160598,3.02E-05,4.81E-05,5.33E-05,5.65E-05,7.47E-05,4.85E-05,2.74E-05
FVF11818,high,0.0512,0.0901,0.0171,0.0151,0.0044,0.0027,0.0281,0.0059,0.03,0.0976,0.0035,0.0047,0.5009,0.0038,0.0044,0.0149,0.0116,0.558354504,3.06E-06,3.63E-05,5.95E-05,4.22E-05,1.89E-05,4.89E-06,5.63E-06,1.01E-05,0.000238752,0.000255264,2.51E-06,1.24E-05,6.12E-06,0.000181327,0.00035984,0.000187626,0.002338229,0.012481765,0.005942993,0.009514611,0.001677135,9.39E-05,0.001908182,8.54E-05,9.33E-05,0.002183627,0.000121516,5.92E-05,2.83E-05,4.53E-05,6.40E-05,1.38E-05,6.24E-05,0.000331097,0.001728567,0.001463518,0.000107206,0.004798402,0.000378004,0.000243216,0.000277341,0.014761162,0.013238078,0.002581262,0.010602449,0.000315564,0.00037568,0.017401622,0.000798021,5.15E-05,8.78E-05,0.000245173,0.001526753,0.008100812,0.000285047,3.44E-05,3.27E-05,0.00033758,0.000129772,0.000572418,0.000492243,9.42E-06,1.21E-05,0.003920572,0.000290245,0.000281133,0.000258016,0.000148364,1.84E-05,3.85E-05,4.16E-06,3.12E-06,3.55E-06,2.62E-05,2.32E-05,1.83E-07,4.64E-05,0.000288044,2.51E-06,2.16E-05,0.001950501,5.66E-05,7.77E-05,4.47E-05,0.000204382,0.000375863,4.38E-05,0.000614371,0.006842288,4.22E-06,4.28E-06,3.33E-05,0.000159066,6.15E-05,3.79E-05,0.001506144,0.000101029,7.89E-06,1.74E-05,8.68E-06,0.000240892,0.001808681,5.71E-05,7.03E-06,5.36E-05,9.30E-06,0.001680071,0.000629782,1.39E-05,0.000119804,6.21E-05,1.94E-05,0.002966971,0.000120599,3.42E-05,0.000170747,9.72E-05,9.27E-05,0.144683358,5.55E-05,0.001205257,7.16E-06,0.002581445,8.44E-06,0.001436793,8.99E-06,2.47E-05,0,7.58E-06,5.32E-06,7.16E-05,2.46E-05,1.47E-05,1.45E-05,9.36E-06,0.000560309,0.000395983,6.62E-05,0.000176801,7.74E-05,4.28E-07,3.03E-05,1.22E-05,0.000148242,0.000454938,0.00012274,0.002132073,0.000127449,0.000115034,2.78E-05,1.03E-05,0.000419773,3.74E-05,1.18E-05,1.34E-05,8.44E-06,9.05E-06,7.34E-07,4.95E-06,2.26E-06,4.95E-06,5.71E-05,0.002335416,9.09E-05,4.35E-05,0.013758513,4.13E-05,4.50E-05,1.22E-05,3.60E-05,3.49E-06,4.28E-07,6.12E-07,1.22E-07,2.69E-06,0.000117969,2.83E-05,0.000231658,3.00E-06,1.41E-06,1.48E-05,1.41E-06,4.89E-07,1.17E-05,4.28E-06,2.39E-06,7.83E-06,1.59E-06,9.36E-06,0.003136984,3.88E-05,2.61E-05,4.19E-05,6.70E-05,0.000604647,6.99E-05,4.42E-05,0.005302386,0.005090115,3.55E-05,1.55E-05,3.24E-06,2.69E-06,0.000474874,0.000308531,0.000106717,9.74E-05,2.53E-05,0.000676444,0.558354504,0.001800058,0.001625642,0.000730138,0.001171561,0.003107813,0.000599571,0.00173615,0.001273507,0.001971233,0.001741349,0.000590275,0.000114361,4.07E-05,0.000230007,7.05E-05,3.98E-06,2.34E-05,0.000145123,0.000227866,2.71E-05,0.000136316,0.003597731,0.004121408,6.30E-06,4.16E-06,9.94E-05,0.000135277,0.000293486,0.000337519,0.000976902,0.002048962,0.000220772,1.41E-06,3.10E-05,6.15E-05,2.78E-05,6.30E-06,6.51E-05,1.59E-06,4.83E-05,5.31E-05,4.51E-05,0.000123351,7.34E-07,7.84E-05,1.39E-05,1.76E-05,1.10E-05,2.57E-06,2.81E-05,2.11E-05,5.63E-06,4.46E-06,1.87E-05,2.95E-05,5.19E-05,2.66E-05,4.16E-05,0.000146468,5.43E-05,5.32E-06,1.08E-05,0.000605931,2.58E-05,8.47E-05,2.63E-05,6.79E-06,0,7.95E-06,0.002725161,0.000542513,0.000427479,1.41E-05,1.82E-05,1.76E-05,3.66E-05,7.03E-05,5.93E-05,1.87E-05
FVF11819,high,0.016,0.0408,0.1031,0.0053,0.0055,0.0073,0.0161,0.0048,0.0398,0.066,0.0066,0.0154,0.363,0.0063,0.0032,0.0405,0.0152,0.328061545,5.77E-06,4.82E-05,0.000519034,0.000240309,1.74E-05,3.15E-06,5.39E-06,3.87E-05,0.000433514,7.59E-05,2.10E-06,8.91E-06,5.99E-06,0.00025903,0.000592721,0.000451337,0.002664962,0.002541176,0.004343154,0.000804573,0.00627109,0.000174933,0.001521306,0.000102818,0.000144829,0.002003047,0.00022623,5.80E-05,5.71E-05,9.78E-05,4.50E-05,4.31E-05,1.79E-05,0.000868751,0.000855346,0.001271861,0.000135543,0.143840726,0.000647688,0.000797459,0.00674025,0.028231888,0.010012836,0.006982356,0.006885903,0.000418237,0.000549512,0.007544823,0.000194553,0.000464592,0.00078398,0.00011173,0.000217468,0.002326478,0.000132024,4.89E-05,5.83E-05,0.000514915,0,0.000717781,0.000582387,5.38E-05,3.38E-05,0.0036405,0.000233195,0.000201593,0.000209531,0.000155238,1.42E-05,6.41E-05,4.19E-06,8.24E-06,1.02E-05,7.94E-06,1.68E-05,6.07E-06,1.60E-05,0.000262999,4.12E-06,5.23E-05,0.002015927,6.18E-05,9.69E-05,3.69E-05,0.000205337,0.001616186,5.17E-05,0.000757171,0.004884504,8.39E-06,1.64E-05,7.62E-05,0.000490352,6.82E-05,5.77E-05,0.00223991,9.04E-05,0.000855121,0.000155163,8.42E-05,0.000171039,0.004308108,0.00010851,5.39E-06,4.61E-05,3.47E-05,0.003945211,0.001770526,2.43E-05,0.000171039,0.000109333,3.38E-05,0.015419594,0.000225406,0.000125059,0.000210953,0.000306358,0.000176506,0.146737834,7.83E-05,0.000759642,1.73E-05,0.005862213,3.59E-06,7.41E-06,9.66E-06,3.14E-05,1.27E-06,5.17E-06,1.65E-06,7.65E-05,6.90E-05,4.64E-06,9.66E-06,2.25E-06,0.000258431,4.72E-06,8.53E-05,0.000387085,0.000119443,3.44E-06,7.78E-05,2.47E-05,0.000130526,0.000482415,0.000121764,0.001746413,0.000436584,0.00026899,4.41E-05,6.00E-05,4.87E-06,3.41E-05,2.13E-05,1.09E-05,5.39E-06,1.27E-06,8.24E-07,7.41E-06,3.67E-06,2.77E-06,8.84E-05,0.002057189,9.00E-05,5.91E-05,0.012124542,0.027889959,0.000523527,1.79E-05,3.41E-05,5.54E-06,8.24E-07,7.49E-07,6.74E-07,4.34E-06,7.32E-05,6.28E-05,0.000132248,6.52E-06,3.29E-06,1.23E-05,3.00E-07,3.52E-06,4.00E-05,1.01E-05,2.17E-06,2.17E-06,3.59E-06,4.79E-06,0.00552343,9.23E-05,4.93E-05,8.63E-05,2.30E-05,0.001119843,6.77E-05,6.63E-05,0.015109042,0.001530592,7.19E-05,2.49E-05,5.41E-05,4.04E-06,8.11E-05,0.000460623,7.68E-05,0.000112703,2.78E-05,0.000167669,0.328061545,0.00062949,0.000935474,0.000377949,0.000684157,0.001916029,0.000581638,0.001255985,0.000745339,0.000846135,0.000734855,0.000439505,0.000132174,3.95E-05,0.000678091,7.95E-05,8.31E-06,2.87E-05,0.000910986,0.001055516,0.000169392,0.00014453,0.004917678,0.006127534,7.04E-06,1.03E-05,0.000235067,0.000211852,0.009268171,0.000854447,0.001327052,0.004032977,0.000202941,1.29E-05,3.97E-05,6.91E-05,6.47E-05,4.15E-05,9.59E-05,3.74E-06,0.000102743,5.20E-05,5.98E-05,0.000335938,2.70E-06,0.000261426,2.34E-05,1.29E-05,1.29E-05,3.59E-06,2.61E-05,1.48E-05,4.19E-06,5.17E-06,2.12E-05,2.62E-05,3.43E-05,2.06E-05,5.39E-05,0.000234093,2.40E-05,4.72E-06,1.65E-05,0.000254462,1.47E-05,0.000126932,2.02E-05,3.82E-06,0,8.24E-06,0.000461746,0.000183995,0.000207658,1.87E-05,2.09E-05,1.46E-05,2.94E-05,5.53E-05,3.10E-05,2.49E-05
FVF11821,high,0.0142,0.0259,0.0146,0.0019,6.00E-04,0.0048,0.0119,0.0022,0.0217,0.0288,0.0031,0.0034,0.5388,0.0114,0.0116,0.0139,0.0077,0.57366495,9.92E-06,5.84E-05,0.000192768,0.000301802,5.11E-05,7.34E-06,8.88E-06,5.12E-05,0.000302921,5.15E-05,1.65E-05,0.000103094,3.22E-05,8.44E-05,0.000254274,0.000162713,0.000570055,0.009898527,0.00687002,0.000363658,0.000910439,0.000123642,0.001201757,7.59E-05,9.17E-05,0.00101542,0.000130003,6.39E-05,3.38E-05,4.93E-05,4.89E-05,0.000205768,2.05E-05,0.000576066,0.000407342,0.00203098,0.000161315,0.005916527,0.000358067,0.000291528,0.000311518,0.006311148,0.013994175,0.001230344,0.007848746,0.000641068,0.000423138,0.005105547,7.12E-05,5.76E-05,3.40E-05,7.73E-05,0.000205209,0.000563765,6.33E-05,2.07E-05,4.13E-05,0.000256511,0,0.000411815,0.000690273,1.92E-05,3.11E-05,0.003819008,0.000240925,0.000226177,0.00019801,6.88E-05,0.0001646,3.94E-05,8.74E-06,1.19E-05,7.48E-06,2.71E-05,4.20E-05,1.54E-05,2.36E-05,0.000170471,1.30E-05,4.00E-05,0.001520544,6.61E-05,8.04E-05,5.44E-05,0.000134476,0.000311937,0.000148245,0.000468569,0.001984151,4.19E-06,6.92E-06,3.28E-05,0.000290759,3.07E-05,2.82E-05,0.001504748,4.41E-05,1.82E-05,4.08E-05,4.77E-05,0.0002902,0.002930236,5.93E-05,1.04E-05,8.17E-05,4.79E-05,0.002634514,0.000587599,3.61E-05,0.000185009,7.60E-05,4.59E-05,0.001643977,0.000195773,6.17E-05,0.000161176,0.000112599,0.000129653,0.117927173,8.07E-05,0.001039114,2.15E-05,0.00145023,1.03E-05,3.42E-06,1.18E-05,5.43E-05,3.42E-06,1.22E-05,2.12E-05,4.53E-05,4.50E-05,0.00019088,0.000202972,0.000243441,0.008227152,0.000859766,7.21E-05,0.000196612,0.000182353,7.90E-06,5.31E-05,1.80E-05,0.000140836,0.000463607,9.53E-05,0.002803029,0.000153347,0.000121056,4.86E-05,5.31E-06,1.41E-05,3.84E-05,2.29E-05,1.83E-05,3.22E-06,5.17E-06,4.89E-06,9.30E-06,5.45E-06,9.30E-06,8.88E-05,0.000458854,9.00E-05,7.90E-05,2.29E-05,0.031934985,0.000285797,2.75E-05,3.52E-05,6.29E-06,1.61E-06,1.89E-06,1.05E-05,9.09E-06,0.000101067,6.23E-05,0.000235263,7.20E-06,1.03E-05,1.66E-05,7.62E-06,3.01E-06,2.50E-05,7.55E-06,7.90E-06,1.54E-06,5.17E-06,1.29E-05,0.004118853,6.51E-05,3.33E-05,8.48E-05,0.00017823,0.00079784,0.00010533,5.67E-05,0.005607805,0.000729903,5.37E-05,2.76E-05,2.41E-05,9.65E-06,0.000354572,0.000521269,0.00012504,0.000103094,4.18E-05,0.000314523,0.57366495,0.002343196,0.002497732,0.000948322,0.001708629,0.004840229,0.001086083,0.003148515,0.001811652,0.002359132,0.00159547,0.000427681,0.000121196,4.59E-05,0.000476188,8.94E-05,1.26E-05,2.75E-05,0.000276361,0.000742554,6.26E-05,0.000107986,0.004172322,0.016143835,1.08E-05,2.05E-05,0.000670283,0.000191719,0.002663031,0.000614019,0.001603508,0.002744108,0.000297399,4.75E-06,6.83E-05,0.00067238,0.000520431,7.23E-05,0.000293485,2.10E-06,6.00E-05,7.00E-05,0.000120987,0.0002245,5.45E-06,0.000161455,2.50E-05,0.000126578,3.63E-05,1.25E-05,6.41E-05,0.000121406,1.68E-05,1.45E-05,6.56E-05,6.13E-05,0.000116863,0.00012553,0.000379315,0.000164461,7.60E-05,1.02E-05,2.68E-05,0.002797857,4.28E-05,0.000120148,7.80E-05,2.97E-05,0,0.002502624,0.001844083,0.000244349,0.000332066,1.72E-05,1.68E-05,0.000456478,0.000856411,0.000624153,0.000476048,3.17E-05
FVF11822,high,0.0197,0.0673,0.0128,0.0024,0.0012,0.0027,0.0038,0.0047,0.0739,0.0695,0.0068,0.0056,0.5007,0.0016,0.0065,0.0254,0.0129,0.446681491,1.07E-05,6.69E-05,9.33E-05,5.94E-05,2.09E-05,9.87E-06,5.78E-06,3.00E-05,0.00048778,8.03E-05,6.18E-06,3.58E-05,2.45E-05,0.00033619,0.005707155,0.000193377,0.002177707,0.009305817,0.006774367,0.001029713,0.004362694,0.000146803,0.001323718,0.000104417,0.000104019,0.001458154,0.000131245,8.81E-05,4.15E-05,5.30E-05,2.65E-05,0.000110002,8.18E-06,0.000448586,0.000855884,0.001198457,0.000210829,0.006260558,0.000468333,0.000406699,0.000959703,0.012339307,0.021523254,0.008577089,0.008893532,0.000618027,0.000527672,0.009308809,4.28E-05,3.20E-05,5.35E-05,0.000123167,0.000203051,0.001580423,0.000248727,4.89E-05,2.93E-05,0.00037339,0.000168245,0.000642761,0.000439012,2.82E-05,1.53E-05,0.005474884,0.00024394,0.000204945,0.000225191,9.28E-05,6.13E-05,3.11E-05,7.38E-06,8.98E-06,8.68E-06,2.35E-05,2.90E-05,6.98E-06,5.75E-05,0.000179913,1.33E-05,5.06E-05,0.001644948,5.73E-05,9.67E-05,3.80E-05,0.000178018,0.000542133,6.89E-05,0.000504235,0.022552469,0.000535351,4.19E-06,4.95E-05,0.00026249,0.00010342,3.98E-05,6.57E-05,9.69E-05,1.96E-05,1.51E-05,1.39E-05,0.000377478,0.00386903,5.43E-05,9.47E-06,4.83E-05,2.22E-05,0.001303772,0.000877426,1.76E-05,0.000284131,0.00015159,3.26E-05,0.057590748,0.000241347,9.15E-05,0.000186196,8.84E-05,0.000258102,0.15387249,0.000114889,0.000855884,1.69E-05,0.002376768,1.10E-06,1.02E-05,1.15E-05,3.05E-05,2.29E-06,2.12E-05,3.39E-06,0.00010721,9.11E-05,2.46E-05,4.13E-05,5.29E-06,0.001003883,8.72E-05,8.24E-05,0.000201754,0.000107908,5.88E-06,9.15E-05,4.49E-06,0.000153385,0.000399718,0.000103819,0.003018332,0.00015159,0.00016625,4.11E-05,4.99E-06,0.001194268,5.13E-05,2.11E-05,1.60E-05,1.15E-05,1.16E-05,1.50E-06,8.78E-06,2.49E-06,6.48E-06,0.000130347,0.002602557,5.74E-05,7.39E-05,0.004196942,5.44E-05,7.45E-05,3.74E-05,2.52E-05,1.05E-05,9.97E-08,1.70E-06,1.89E-06,4.39E-06,9.34E-05,6.40E-05,0.000369899,6.58E-06,5.09E-06,1.49E-05,3.59E-06,3.19E-06,1.31E-05,1.92E-05,1.19E-05,1.10E-06,3.89E-06,9.08E-06,0.005897041,6.15E-05,4.59E-05,0.000100428,0.000148598,0.000872938,0.000161363,4.54E-05,0.004994883,0.00650729,7.39E-05,1.61E-05,6.78E-06,6.18E-06,0.000802728,0.000453473,0.00015887,0.000116584,6.25E-05,0.000294403,0.446681491,0.002248316,0.003001178,0.001443693,0.002388536,0.004477483,0.001350645,0.00416074,0.002683239,0.003260776,0.003281121,0.000453373,0.000104816,4.04E-05,0.000682154,6.02E-05,5.29E-06,2.82E-05,0.000331802,0.001210325,7.85E-05,0.000292608,0.004191956,0.005348227,3.39E-06,1.53E-05,0.00019936,0.000259498,0.001281133,0.000762536,0.001019541,0.001754452,0.000166051,1.26E-05,8.55E-05,0.000102822,4.65E-05,6.34E-05,0.000260794,2.99E-07,6.59E-05,5.62E-05,5.85E-05,0.000244638,1.10E-06,0.000138725,1.74E-05,1.69E-05,1.93E-05,1.40E-05,6.46E-05,3.16E-05,5.29E-06,2.59E-06,1.65E-05,1.84E-05,4.26E-05,3.35E-05,0.000104916,0.000183304,3.95E-05,8.88E-06,1.74E-05,0.002661597,9.38E-05,9.30E-05,7.04E-05,3.19E-05,0.000139522,1.87E-05,0.000608952,0.000772509,0.000349753,2.52E-05,3.00E-05,0.000248926,0.000149695,0.000275853,0.000338384,2.16E-05
FVF11823,low,0.02,0.0156,0.1976,0.0231,0.0059,0.0063,0.0229,0.004,0.0829,0.079,0.0061,0.0072,0.0642,0.0247,0.0031,0.0617,0.0066,0.033234898,6.56E-06,0.000119136,0.000496221,0.001522361,1.74E-05,1.23E-05,1.38E-05,8.59E-05,0.000855841,0.00011971,8.61E-06,1.95E-05,5.99E-06,0.000210558,0.000407586,0.000250652,0.000659386,0.001371986,0.001607142,0.00038758,0.000900527,0.000287221,0.003164842,0.000123809,0.000137092,0.001735543,0.00029419,8.99E-05,0.000135288,8.38E-05,7.83E-05,5.90E-05,3.63E-05,0.012134285,0.000654385,0.000440548,8.26E-05,0.011322802,0.000189321,0.000174071,0.000162018,0.014126137,0.004800025,0.00368812,0.005124471,0.000320018,0.000320428,0.037449412,0.001302128,0.000118562,0.003519707,0.000315836,0.000972107,0.006497851,0.000444237,7.11E-05,4.21E-05,0.000469819,0.000128155,0.000815829,0.001086815,6.00E-05,9.43E-05,0.009773219,0.000222201,0.000188092,0.000193011,0.000194979,3.66E-05,8.54E-05,9.92E-06,2.04E-05,1.26E-05,9.18E-06,2.23E-05,1.63E-05,1.62E-05,0.000515653,7.30E-06,0.00013906,0.002948217,7.95E-05,0.000133894,3.47E-05,0.000197931,0.005730234,4.92E-05,0.001289583,0.02732592,1.32E-05,1.03E-05,0.000103147,0.000692512,0.00016005,0.000103803,0.003940576,0.00021064,0.00146595,0.000794921,0.000232368,0.000506552,0.007908948,0.000218593,1.34E-05,6.59E-05,5.60E-05,0.035062109,0.002243078,4.92E-05,0.000577886,0.000153327,4.99E-05,0.030964024,0.000577968,0.000113068,0.00020654,0.00057313,0.00043776,0.171597908,0.000125203,0.00293067,9.27E-06,0.009483457,2.21E-06,5.33E-06,1.19E-05,1.26E-05,1.64E-07,3.28E-06,1.80E-06,0.000249586,0.000182106,7.22E-06,1.40E-05,5.99E-06,0.000373805,5.62E-05,7.34E-05,0.00642332,0.000186862,1.72E-06,0.00011192,1.58E-05,0.000173087,0.001352144,9.13E-05,0.002264314,0.00021105,0.000163822,6.85E-05,1.26E-05,3.80E-05,5.24E-05,5.84E-05,4.58E-05,1.64E-06,1.55E-05,8.20E-07,5.08E-06,6.64E-06,3.69E-06,0.000294682,0.003350228,0.000169561,0.000195471,2.26E-05,0.047039542,0.000786721,5.20E-05,5.09E-05,1.13E-05,2.46E-07,1.23E-06,1.56E-06,1.09E-05,7.39E-05,0.000175875,0.000329201,1.15E-05,3.85E-06,1.07E-05,1.64E-06,4.59E-06,3.57E-05,2.18E-05,2.26E-05,4.35E-06,1.34E-05,2.04E-05,0.006713,0.000259917,0.000112986,0.000214411,2.30E-05,0.002110414,0.000133812,0.000171037,0.005977524,0.001380104,0.001957579,4.28E-05,8.77E-06,1.38E-05,0.000176859,4.09E-05,0.000129385,9.98E-05,2.47E-05,0.000129549,0.033234898,0.001292863,0.001310246,0.00036864,0.000439154,0.00157746,0.000356751,0.000752858,0.000411276,0.000700875,0.000392336,0.000367656,0.000264017,8.58E-05,0.000846084,0.000156196,1.51E-05,6.99E-05,0.000940376,0.001683231,0.000238025,1.26E-05,0.00540874,0.006268927,1.21E-05,2.21E-05,9.43E-05,0.000282547,0.000730474,0.001418804,0.001068859,0.004618411,0.000392254,1.43E-05,0.000139962,0.001496861,0.0012886,0.000247618,0.000758024,1.15E-06,0.000237451,0.000180958,8.15E-05,0.000571244,5.41E-06,0.00062249,1.70E-05,7.13E-06,8.28E-06,8.04E-06,2.32E-05,9.76E-06,7.38E-07,5.66E-06,5.33E-06,4.26E-05,1.34E-05,2.95E-05,5.42E-05,0.000289763,3.09E-05,1.48E-06,2.02E-05,3.25E-05,2.18E-05,0.000176121,1.02E-05,1.72E-06,0,2.33E-05,0.005130456,9.09E-05,0.000138322,1.32E-05,3.80E-05,0.000135616,0.000278202,0.000491219,0.000178416,3.62E-05
FVF11824,low,0.0062,0.0059,0.0366,0.0052,0.0032,0.0084,0.0195,0.0026,0.0584,0.049,0.0169,0.0146,0.0984,0.0352,0.0084,0.0605,0.0231,0.068066583,5.32E-05,0.000206785,0.000574052,0.000530818,0.000148838,3.59E-05,3.32E-05,0.000105604,0.001388105,0.000265364,1.85E-05,1.37E-05,1.37E-05,0.001924879,0.00059075,0.000710615,0.002916292,0.001371316,0.002213981,0.000827772,0.00340911,0.000496068,0.008940769,0.000322408,0.000331795,0.003980184,0.001083929,0.000342445,0.000184491,0.000319881,0.000107499,0.000131869,0.000525221,0.008929486,0.00082353,0.004108533,0.000164273,0.01629098,0.000258414,0.000289373,0.000343529,0.014480279,0.014230621,0.00414229,0.003962493,0.000310674,0.000381708,0.044545347,0.001160199,0.000160843,0.000265725,0.000365732,0.005800993,0.009039874,0.001574491,0.000143603,0.000206244,0.001065155,0.000474044,0.001480711,0.001333497,2.53E-05,0.000215721,0.004154204,0.000541649,0.000485778,0.000521972,0.000380986,4.83E-05,0.000118692,2.36E-05,1.91E-05,2.80E-05,1.11E-05,3.11E-05,3.88E-06,2.15E-05,0.000930578,4.98E-05,0.000158857,0.006167177,0.00064301,0.000390373,0.000161114,0.0004448,0.001493618,0.000265905,0.001833717,0.022780655,2.40E-05,2.94E-05,2.56E-05,4.91E-05,0.000134306,9.07E-05,0.009175715,0.000159579,0.001726127,0.000848351,0.00028152,0.000571525,0.015349661,0.000559249,2.55E-05,0.000215179,8.86E-05,0.00821851,0.003441784,0.000147304,0.000563221,0.000394074,0.000161475,0.015756281,0.000737693,0.000255164,0.000494082,0.000736971,0.000684801,0.263047925,0.000231065,0.00215441,5.44E-05,0.010454244,2.77E-05,2.33E-05,2.42E-05,0.000122934,1.45E-05,4.45E-05,5.34E-05,0.000435774,0.000319971,2.21E-05,6.28E-05,1.22E-05,0.00046899,1.34E-05,0.000314375,0.000671352,0.00072975,9.48E-06,0.000638678,0.000267349,0.000348493,0.00157783,0.00031961,0.002591538,0.000490652,0.000437038,0.000107229,3.84E-05,4.62E-05,0.000165356,0.000143694,4.91E-05,2.06E-05,1.40E-05,1.50E-05,1.57E-05,3.75E-05,3.27E-05,0.002822873,0.023957462,0.00011454,0.000526034,6.66E-05,0.000410682,0.000270418,0.000154073,0.000108944,1.46E-05,5.87E-06,4.06E-06,2.53E-06,1.53E-05,9.36E-05,0.000187018,0.000341001,1.36E-05,2.08E-05,3.74E-05,6.59E-06,1.53E-05,4.54E-05,6.31E-05,4.37E-05,5.14E-06,1.10E-05,2.31E-05,0.00527171,0.000408967,0.00028847,0.000385229,4.20E-05,0.004591513,0.000318978,0.000124919,0.017950405,0.002032108,0.00350993,9.15E-05,6.53E-05,4.95E-05,0.000214818,7.10E-05,0.000280166,0.000182776,9.43E-05,0.000308598,0.068066583,0.001019845,0.000978596,0.000373585,0.000515112,0.001421952,0.000595082,0.000894023,0.000611149,0.000851601,0.000553653,0.000929585,0.001191067,0.000116255,0.000250651,0.000237203,6.50E-05,7.73E-05,1.43E-05,4.78E-05,3.70E-06,0.00051096,0.010838028,0.013150573,2.37E-05,3.53E-05,0.000819468,0.000605823,0.006981049,0.002150709,0.003080114,0.008635691,0.000392269,5.21E-05,0.000718197,0.001104869,0.000935001,6.42E-05,0.000256969,7.58E-06,0.000373314,0.000174292,0.000409147,0.000196225,2.17E-05,0.000173931,3.11E-05,5.05E-05,2.36E-05,3.49E-05,1.64E-05,4.45E-05,6.90E-05,1.83E-05,1.75E-05,0.000151636,0.000368982,0.000164453,2.24E-05,0.00057351,0.000198752,3.96E-05,9.68E-05,7.55E-05,4.10E-05,0.000760348,3.57E-05,1.06E-05,0.000483341,0.00830525,0.00366608,0.000319881,0.000319249,3.00E-05,5.85E-05,6.04E-05,9.89E-05,8.79E-05,0.000136563,4.46E-05
FVF11825,low,0.0052,0.0775,0.1358,0.0052,0.0031,0.0014,0.0031,0.0043,0.0159,0.0434,0.0055,0.0065,0.077,0.0068,0.0051,0.0163,0.0072,0.053049947,2.81E-06,4.16E-05,9.19E-05,0.00032007,6.41E-05,4.15E-06,3.21E-06,1.10E-05,0.000273198,3.95E-05,3.43E-05,0.000405377,0.001779134,0.000280162,0.000798836,0.00019847,0.000360112,0.001460805,0.001647223,0.000343506,0.00072451,5.61E-05,0.001012975,5.14E-05,6.60E-05,0.000865529,0.000322749,0.000167669,3.43E-05,5.66E-05,3.00E-05,4.35E-05,5.22E-06,0.006892355,0.00063398,0.00083995,9.96E-05,0.3178785,0.000275207,0.000282572,0.006013702,0.005125407,0.005324011,0.002668501,0.006120303,0.000203157,0.000287795,0.014458866,0.000371362,3.00E-05,7.26E-05,0.00016874,0.000652059,0.000815442,0.000113029,2.18E-05,5.08E-05,0.000249494,0,0.000366674,0.000580278,2.99E-05,0.000151598,0.005654393,0.000121734,9.27E-05,9.15E-05,0.000206104,2.53E-05,0.000105931,4.69E-06,7.50E-06,3.35E-06,1.54E-05,2.01E-05,1.38E-05,3.44E-05,0.000182802,4.15E-06,3.54E-05,0.001675212,5.73E-05,7.54E-05,2.79E-05,0.000107136,0.000282572,5.71E-05,0.000551485,0.021731287,6.09E-05,3.35E-06,5.73E-05,0.000304535,0.000105797,0.000103387,0.00285532,0.000175704,3.07E-05,9.37E-06,0.002151166,0.000199809,0.003305427,7.50E-05,0.000628221,4.94E-05,4.91E-05,0.001953633,0.000581617,1.73E-05,0.000175302,0.000118118,0.000187891,0.056662052,0.000138742,0.000167535,0.000104592,0.00013084,0.000165124,0.119544043,5.32E-05,0.000479168,0.0001216,0.001768153,3.17E-05,0.014559708,8.85E-05,0.000209853,6.64E-05,0.000838744,3.51E-05,5.96E-05,0.000103521,5.88E-05,8.99E-05,1.07E-05,0.002058895,8.45E-05,4.98E-05,0.00017249,9.21E-05,4.82E-06,0.000465776,2.17E-05,8.44E-05,0.000429483,6.91E-05,0.001186536,0.000145036,0.000102449,2.45E-05,2.01E-06,0.000216148,3.92E-05,2.21E-05,1.53E-05,2.81E-06,5.76E-06,1.74E-06,2.54E-06,1.21E-05,5.49E-06,0.00013084,0.004302198,6.70E-05,7.69E-05,1.46E-05,0.024910427,5.54E-05,1.47E-05,5.42E-05,5.76E-06,4.55E-06,1.34E-06,2.01E-06,2.72E-05,5.84E-05,7.54E-05,0.000197667,4.96E-06,1.06E-05,3.28E-05,2.54E-06,5.36E-06,1.27E-05,5.36E-06,1.02E-05,9.11E-05,7.50E-06,6.83E-06,0.017542922,6.59E-05,3.83E-05,6.76E-05,2.00E-05,0.000908517,9.04E-05,4.37E-05,0.004720699,0.000958202,0.000675763,0.001763198,0.000165526,2.54E-06,0.000215746,0.000390378,0.100797443,0.000209586,0.000336676,0.0006234,0.053049947,0.001290191,0.001242783,0.000459883,0.000680852,0.003078432,0.0004789,0.001129084,0.000647238,0.000965969,0.000678174,0.000158026,9.00E-05,3.48E-05,0.000569698,7.78E-05,5.89E-06,6.17E-05,0.000426001,0.001361302,0.000115306,4.25E-05,0.003150481,0.003871643,5.36E-06,7.23E-06,6.12E-05,0.000111824,0.001742038,0.000582822,0.001831899,0.003374664,0.000472606,5.22E-06,2.91E-05,6.62E-05,5.52E-05,0.000137536,0.002152773,6.70E-07,8.17E-05,2.57E-05,0.000271725,0.000260877,7.37E-06,0.000166999,0.000119055,2.30E-05,2.45E-05,0.000125216,2.99E-05,4.11E-05,2.81E-06,2.36E-05,9.11E-06,5.62E-05,2.33E-05,0.000130706,0.000185212,0.000254181,4.19E-05,2.54E-06,8.69E-05,0.000664916,3.98E-05,8.68E-05,4.47E-05,1.08E-05,0,0.008125227,0.001806454,0.000331855,0.000174097,1.22E-05,7.10E-06,9.51E-05,0.000156955,0.000166061,0.000323686,2.44E-05
FVF11829,high,0.019,0.0497,0.2392,0.0259,0.0049,0.009,0.0088,0.0102,0.0486,0.0849,0.0154,0.0025,0.0765,0.0066,0.0113,0.0394,0.006,0.038701442,5.66E-06,4.43E-05,8.81E-05,5.57E-05,2.83E-05,3.91E-06,7.01E-06,5.93E-06,0.000665039,0.000120273,4.31E-06,1.21E-05,4.45E-06,0.000203352,0.000445246,0.000102956,0.000442349,0.001068712,0.001538417,0.000156523,0.000582095,0.000270867,0.00172196,6.90E-05,0.000152548,0.002375005,0.000332115,0.000102754,7.70E-05,4.89E-05,6.52E-05,3.55E-05,8.32E-05,0.000213796,0.000636942,0.000376788,6.50E-05,0.393366722,0.000269048,0.000141565,0.000108145,0.000369646,0.002425877,0.000242028,0.001613815,0.000204363,0.000166496,0.054835886,0.000136309,8.15E-05,9.18E-05,0.000188125,0.000733228,0.001444422,0.004300924,2.94E-05,4.39E-05,0.000282322,7.84E-05,0.000733295,0.000475567,0.000323558,2.45E-05,0.00180194,0.000198366,0.00016973,0.000150257,7.22E-05,1.58E-05,5.19E-05,8.02E-06,1.17E-05,7.01E-06,3.64E-06,9.77E-06,4.78E-06,1.11E-05,0.000213796,8.69E-06,4.63E-05,0.001643125,6.96E-05,0.00012344,5.13E-05,0.000193852,0.000381437,6.88E-05,0.000605745,0.018067573,1.25E-05,6.67E-06,0.000291553,0.001920528,5.32E-05,3.59E-05,0.003689115,5.01E-05,1.34E-05,1.87E-05,1.04E-05,9.71E-05,0.006407488,0.000156726,5.79E-06,4.04E-05,2.31E-05,0.002988566,0.002205006,4.55E-05,0.000230507,0.000134019,0.000597659,0.050785615,0.000254763,0.000274303,0.000175053,0.000140217,0.000197019,0.146635083,0.000106056,0.001666371,1.45E-05,0.018125384,6.27E-06,4.92E-06,1.10E-05,2.47E-05,1.68E-06,1.21E-05,1.31E-05,0.000170808,7.18E-05,3.17E-06,1.58E-05,3.84E-06,9.02E-05,4.58E-06,6.11E-05,0.0002299,0.000262445,2.02E-06,0.005384864,1.29E-05,0.000118656,0.000567069,8.43E-05,0.001039267,0.000184688,0.000146147,4.01E-05,1.19E-05,1.93E-05,3.05E-05,1.77E-05,1.35E-05,1.95E-06,6.74E-06,4.85E-06,3.03E-06,4.65E-06,5.79E-06,0.000110233,0.013365536,7.75E-05,6.77E-05,1.72E-05,6.57E-05,6.68E-05,1.83E-05,5.46E-05,8.76E-06,1.01E-06,1.41E-06,1.82E-06,9.90E-06,4.18E-05,6.16E-05,0.000134827,4.92E-06,6.87E-06,1.71E-05,6.20E-06,6.13E-06,1.52E-05,9.10E-06,6.74E-06,4.51E-06,3.50E-06,7.75E-06,0.002111617,8.38E-05,6.48E-05,9.64E-05,8.46E-05,0.001519012,7.69E-05,3.16E-05,0.003356123,0.000326523,8.21E-05,2.94E-05,1.67E-05,9.64E-06,0.000277942,0.000296337,0.000229159,6.55E-05,2.92E-05,9.29E-05,0.038701442,0.000794072,0.000846695,0.000238929,0.000350645,0.001033607,0.000246947,0.000622927,0.000346535,0.000545373,0.000217435,0.000273023,0.000104641,4.72E-05,0.000541667,7.16E-05,6.67E-06,3.32E-05,0.008715787,0.040347397,0.001932791,1.19E-05,0.003635413,0.004092518,6.20E-06,1.73E-05,0.000202207,0.000200522,0.000645971,0.000833017,0.001112239,0.00589722,0.000441136,8.69E-06,6.34E-05,8.04E-05,6.42E-05,8.01E-05,0.000245802,2.02E-07,0.000118319,5.83E-05,6.62E-05,0.013449626,3.71E-06,3.88E-05,1.41E-05,1.44E-05,1.25E-05,1.04E-05,1.09E-05,9.70E-06,3.98E-06,5.86E-06,1.93E-05,4.96E-05,3.05E-05,2.20E-05,1.07E-05,0.000191359,6.25E-05,4.24E-06,2.19E-05,0.000160431,1.18E-05,6.68E-05,2.20E-05,3.44E-06,0,0.002351692,0.000259143,0.000166833,0.000100059,1.26E-05,2.31E-05,1.74E-05,3.54E-05,3.43E-05,2.55E-05,1.25E-05
FVF11836,high,0.0142,0.0231,0.0051,0.0037,0.0025,0.0019,0.0089,0.0059,0.0414,0.0295,0.0037,0.0016,0.4604,0.0115,0.0025,0.0176,0.0117,0.456811175,1.57E-05,7.68E-05,0.001906755,0.000176326,5.14E-05,5.59E-06,6.09E-06,2.36E-05,0.00043817,0.00063156,1.37E-05,2.36E-05,2.13E-05,0.000129425,0.000280904,0.000187402,0.001422981,0.008868885,0.006736409,0.000287091,0.000983513,0.000111663,0.00246527,7.12E-05,9.53E-05,0.00223426,0.000146589,5.70E-05,7.70E-05,0.000176426,7.71E-05,6.44E-05,2.12E-05,0.000457629,0.000691832,0.001460801,0.000321817,0.005734933,0.000721869,0.00058456,0.000535863,0.003669515,0.017220167,0.00072097,0.014936512,0.000734242,0.000661596,0.017196318,7.72E-05,6.44E-05,6.27E-05,9.54E-05,0.00044765,0.001845984,0.000873547,2.33E-05,4.84E-05,0.0003773,0.000211851,0.000437771,0.000406338,0.000200774,1.26E-05,0.004608922,0.000215443,0.000169939,0.000174131,0.000395361,3.68E-05,0.000146888,2.89E-06,4.59E-06,8.28E-06,3.80E-05,6.05E-05,8.68E-06,6.94E-05,0.000312138,1.09E-05,8.95E-05,0.001506205,6.42E-05,0.000137309,5.45E-05,0.000185906,0.000316429,6.81E-05,0.000649722,0.008136439,1.25E-05,8.98E-06,0.00024997,0.001895479,8.19E-05,5.56E-05,9.03E-05,0.000129825,3.93E-05,2.07E-05,3.87E-05,0.000385183,0.003694662,9.19E-05,1.41E-05,0.000113759,0.000324312,0.003547973,0.00056101,3.51E-05,0.00023111,7.60E-05,3.70E-05,0.002014426,0.000293278,7.08E-05,0.000170738,0.000133816,0.000145791,0.127910937,6.83E-05,0.000794415,1.12E-05,0.002284254,3.39E-06,8.08E-06,1.40E-05,6.64E-05,7.98E-07,1.91E-05,1.61E-05,8.65E-05,5.08E-05,4.07E-05,5.55E-05,5.59E-06,0.001682331,2.05E-05,7.53E-05,0.000243883,0.000215742,2.99E-06,0.001188479,2.17E-05,0.000168443,0.000450844,0.000102183,0.001280883,0.000153275,0.000128228,3.85E-05,7.78E-06,7.98E-06,4.01E-05,1.84E-05,1.01E-05,3.79E-06,2.59E-06,6.29E-06,1.32E-05,1.60E-06,6.09E-06,0.00010348,8.75E-05,0.000110166,0.000148585,0.016346621,0.00016485,7.78E-05,2.78E-05,7.08E-05,5.29E-06,9.98E-07,1.90E-06,1.80E-06,1.24E-05,0.000208657,6.58E-05,0.000279307,5.59E-06,1.02E-05,1.38E-05,1.20E-06,5.09E-06,4.59E-06,1.59E-05,5.19E-06,9.98E-07,3.79E-06,2.63E-05,0.002245935,7.58E-05,5.95E-05,0.000124735,0.000167145,0.001458606,0.000152776,4.48E-05,0.002225479,0.001270006,9.63E-05,2.36E-05,2.37E-05,7.58E-06,0.000271225,0.000489661,0.00017433,0.000189598,5.23E-05,0.000679159,0.456811175,0.005393358,0.005522783,0.001859555,0.003770401,0.006189968,0.002648581,0.007425746,0.004101199,0.00554344,0.003430822,0.000304155,0.000201273,6.50E-05,0.001020236,9.79E-05,2.10E-05,4.34E-05,0.005833624,0.039138168,0.001284974,7.78E-05,0.00444008,0.005019751,7.68E-06,4.29E-06,0.000180816,0.00022133,0.000410429,0.000917354,0.000870254,0.002834487,0.000324212,8.68E-06,3.53E-05,0.00010837,8.93E-05,1.51E-05,9.88E-05,3.09E-06,0.000117251,8.70E-05,3.42E-05,0.016979578,6.29E-06,8.19E-05,0.000210853,2.70E-05,3.42E-05,1.27E-05,2.54E-05,1.42E-05,3.59E-06,1.04E-05,1.19E-05,3.57E-05,3.21E-05,2.45E-05,4.45E-05,0.000367121,3.65E-05,7.38E-06,3.07E-05,0.001359017,2.45E-05,0.000168243,5.59E-05,1.45E-05,0.00013182,0.003730885,0.000510218,0.000299764,0.00037221,2.59E-05,2.00E-05,3.64E-05,0.00011306,0.000152776,0.000109168,2.42E-05
FVF11837,high,0.0716,0.0598,0.0953,0.0017,0.005,0.0146,0.02,0.0081,0.0874,0.0778,0.0131,0.0132,0.1607,0.0079,0.0204,0.0747,0.0204,0.08594007,1.19E-05,0.000113304,0.000161873,8.40E-05,0.00013999,1.79E-05,1.72E-05,2.51E-05,0.000946918,0.000750733,9.38E-06,1.35E-05,4.57E-06,0.000296603,0.002040917,0.000491186,0.003497472,0.002332716,0.001926545,0.009470319,0.003165872,0.000359049,0.004521171,0.000266637,0.000296145,0.005765225,0.000890647,0.00023408,7.24E-05,0.000170566,0.000113838,7.13E-05,0.0001971,0.000496219,0.000942495,0.001499026,0.000198777,0.062126073,0.000472811,0.000401214,0.008857823,0.008961901,0.008048685,0.006451529,0.005255358,0.000456722,0.00037346,9.63E-05,2.91E-05,9.73E-05,8.97E-05,0.000376815,0.000497591,0.003627474,0.001988687,0.000153715,8.31E-05,0.000967962,0.000866476,0.001682706,0.001736232,0.000442083,3.96E-05,0.004217249,0.00061425,0.000616918,0.000526413,0.000513756,1.87E-05,0.000167439,5.34E-06,8.01E-06,1.31E-05,3.20E-06,2.10E-05,4.65E-06,1.62E-05,0.000542653,1.28E-05,8.97E-05,0.005017237,0.00010057,0.000229429,8.78E-05,0.0004783,0.001149202,0.000126342,0.001810954,0.005929233,5.18E-05,2.32E-05,0.000470981,0.003664149,0.000206631,0.00022981,0.007768704,0.000283793,2.01E-05,4.50E-05,1.59E-05,0.000324814,0.016761257,0.000196261,1.61E-05,6.52E-05,5.07E-05,0.005427678,0.005401982,7.35E-05,0.000422335,0.000364311,5.12E-05,0.000983211,0.000448793,0.000195804,0.000487221,0.000296145,0.000618748,0.182714908,0.000216695,0.002702821,2.81E-05,0.008806432,1.40E-05,1.46E-05,1.17E-05,6.92E-05,1.01E-05,9.68E-06,7.78E-06,0.000125656,6.10E-05,6.79E-06,8.69E-06,6.33E-06,0.00026923,4.80E-06,0.000221041,0.000664878,9.81E-05,3.58E-06,0.000480359,3.50E-05,0.000412956,0.001969854,0.000270297,0.003716455,0.000426223,0.000377959,7.38E-05,6.48E-06,8.77E-06,8.52E-05,3.64E-05,2.81E-05,3.89E-06,4.73E-06,9.76E-06,8.54E-06,9.00E-06,9.68E-06,0.000156155,0.000185205,0.00015402,0.000141515,0.010935262,0.000151351,0.00014853,4.32E-05,7.29E-05,3.35E-06,1.45E-06,1.52E-06,2.59E-06,1.12E-05,4.06E-05,0.000155392,0.000280743,1.05E-05,2.52E-06,2.75E-05,1.52E-07,2.13E-06,3.42E-05,1.91E-05,1.04E-05,7.93E-06,5.03E-06,2.06E-06,0.010521772,0.000150436,9.28E-05,0.000193135,6.45E-05,0.002747121,0.000132213,0.000162026,0.021966063,0.002942009,0.000143955,4.95E-05,1.99E-05,9.91E-06,0.000159586,0.000466177,0.000134653,0.000123216,4.70E-05,0.000210519,0.08594007,0.000886377,0.00087067,0.000495456,0.000542577,0.00122301,0.000377501,0.000796939,0.000621951,0.0008282,0.000548219,0.001385722,0.000235071,0.000110864,0.001175965,8.94E-05,1.73E-05,3.68E-05,0.01415771,0.065209216,0.003191339,0.000135568,0.01023897,0.014720645,6.94E-06,1.71E-05,5.93E-05,0.000381924,0.00094951,0.001060831,0.003420081,0.015591773,0.000259623,7.55E-06,7.69E-05,0.000122301,0.000109949,2.16E-05,0.000153791,2.74E-06,0.000162865,9.12E-05,0.000212044,0.02137911,8.01E-06,0.000264808,2.91E-05,1.87E-05,2.90E-05,7.40E-06,1.75E-05,3.14E-05,2.36E-06,2.58E-05,1.09E-05,3.74E-05,2.82E-05,2.03E-05,9.00E-06,0.000687829,0.000253523,7.24E-06,2.36E-05,0.00016195,2.60E-05,0.000332515,3.85E-05,6.48E-06,0.000371478,3.55E-05,0.000579557,0.000294849,0.000162865,3.21E-05,2.14E-05,1.31E-05,2.20E-05,3.84E-05,3.07E-05,2.26E-05
FVF11838,low,0.0066,0.0026,0.0068,0.0043,0.007,0.0079,0.0225,0.0202,0.0711,0.0203,0.0087,0.0023,0.4216,0.0116,0.0018,0.0719,0.0193,0.49876042,1.02E-05,0.000210812,0.000301754,0.000124266,1.96E-05,1.97E-05,4.56E-06,1.63E-05,0.001430854,0.000274743,6.55E-06,1.01E-05,6.31E-06,0.000466536,0.000326207,0.000284892,0.000967195,0.004356652,0.003090021,0.000326847,0.001414951,0.00036976,0.004810002,0.00017565,0.000225916,0.010676781,0.000702441,0.000196907,0.000178687,0.00019475,0.000335557,5.95E-05,4.05E-05,0.000106365,0.001467694,0.001849921,0.000134175,0.012992359,0.000135534,0.000175331,0.022951995,0.00104527,0.009408552,0.000979022,0.001816437,0.000311184,0.000281136,0.004142563,7.70E-05,0.000163024,0.000100771,0.000776361,0.000981419,0.001976424,0.009323044,8.66E-05,5.95E-05,0.000529987,0.00031502,0.001000439,0.001885482,7.33E-05,6.09E-05,0.005113514,0.000320534,0.000233188,0.000255004,0.000534143,0.000243497,0.00066616,4.60E-05,6.58E-05,9.03E-06,7.35E-06,3.00E-05,4.32E-06,1.69E-05,0.000491868,6.55E-06,0.000123067,0.00516346,9.49E-05,0.00022192,8.89E-05,0.000451033,0.001450672,0.000118592,0.001790065,0.014598783,2.25E-05,1.70E-05,7.95E-05,0.000707875,0.000239261,0.000543253,0.00022184,0.000224318,0.001096255,0.000800495,0.000189156,0.000260758,0.021195733,0.000391737,1.17E-05,0.000171575,0.000109002,0.006426974,0.003145081,5.56E-05,0.000491709,0.000158469,0.000143765,0.000683341,0.000789467,0.000226635,0.000303912,0.000301354,0.0004261,0.063738317,0.000158389,0.00301658,2.57E-05,0.007227469,1.80E-05,8.15E-06,1.33E-05,2.38E-05,8.31E-06,1.32E-05,6.79E-06,0.000391017,0.000151756,3.84E-06,7.11E-06,2.96E-06,1.23E-05,1.92E-06,0.000143765,0.000358173,0.001104087,1.73E-05,0.00013841,5.35E-05,0.000205298,0.001206936,0.000168298,0.001190234,0.000250449,0.000201223,8.37E-05,1.59E-05,8.23E-06,0.000105086,3.38E-05,1.84E-05,5.91E-06,5.83E-06,5.59E-06,8.23E-06,1.12E-05,2.11E-05,0.000319495,8.07E-05,0.000176289,0.000327007,2.96E-05,0.000199624,0.000210013,3.55E-05,9.06E-05,1.65E-05,1.18E-05,7.99E-08,3.68E-06,1.01E-05,8.03E-05,0.000115875,0.000273145,1.94E-05,7.91E-06,1.90E-05,1.52E-06,1.93E-05,2.45E-05,3.39E-05,1.73E-05,1.28E-06,8.55E-06,8.71E-06,0.00208207,0.000252207,0.000171575,0.000245974,3.87E-05,0.004101408,0.000172134,0.00015775,0.005582447,0.00034259,0.000255883,4.78E-05,2.80E-05,3.27E-05,0.000275302,9.45E-05,0.000130179,8.75E-05,3.78E-05,0.000204978,0.49876042,0.000925959,0.000846525,0.00046286,0.000706117,0.002931392,0.000513845,0.00100843,0.000752467,0.001001638,0.000485475,0.000369521,0.000261717,0.000146402,0.000434091,0.000216246,1.59E-05,5.95E-05,0.000990769,0.009587559,0.00021305,3.43E-05,0.00604251,0.005048144,1.04E-05,4.56E-05,0.000104207,0.000451192,0.000818635,0.001782713,0.002591999,0.008064644,0.000578175,1.46E-05,4.32E-05,0.000149998,0.000174212,9.59E-07,2.48E-06,2.88E-06,0.000293523,0.000151436,0.00017541,0.006545886,1.58E-05,0.000177328,2.30E-05,9.43E-06,1.84E-05,2.24E-05,1.06E-05,1.41E-05,4.24E-06,8.63E-06,3.28E-06,6.77E-05,1.60E-05,1.43E-05,6.63E-06,0.000524233,2.01E-05,3.36E-06,2.06E-05,2.31E-05,2.08E-05,0.000233028,3.02E-05,1.76E-06,0.000149438,2.37E-05,8.30E-05,0.000102369,0.000126583,2.88E-05,3.25E-05,6.95E-06,2.23E-05,8.87E-06,2.10E-05,1.61E-05
FVF11839,high,0.0354,0.0652,0.0477,0.0451,0.0057,0.0159,0.0117,0.0059,0.0443,0.0437,0.019,0.0113,0.3836,0.0018,0.0045,0.0481,0.0049,0.399954577,3.59E-06,5.32E-05,5.92E-05,2.33E-05,2.29E-05,6.65E-06,5.41E-06,1.99E-05,0.000451217,0.000254202,3.73E-06,1.70E-05,3.08E-05,0.000571858,0.018715777,0.000612055,0.002248812,0.003723344,0.003191779,0.045693247,0.009843848,0.000118487,0.003955389,0.000130929,0.00012734,0.005040435,0.000491654,0.000109873,5.78E-05,4.57E-05,5.32E-05,3.62E-05,0.000139208,0.000465382,0.00316991,0.002343037,8.54E-05,0.007693424,0.000398243,0.000316891,0.000619233,0.015947603,0.010951481,0.026066852,0.025324585,0.000302582,0.000493425,0.00570044,0.000184478,0.00013246,0.00022726,0.000420447,0.035702247,0.004872658,0.003211256,3.72E-05,2.30E-05,0.000453179,0.000253197,0.000925835,0.000623588,7.69E-05,4.34E-05,0.002675768,0.000270089,0.00027387,0.000275162,0.000441264,4.39E-05,0.000253771,1.87E-06,6.03E-06,4.74E-06,1.10E-05,9.14E-06,1.82E-06,2.08E-05,0.000222522,5.69E-06,7.29E-05,0.002047825,6.56E-05,0.000147774,5.24E-05,0.000222618,0.000443034,0.000112792,0.000774807,0.007503538,5.17E-06,2.58E-06,8.44E-05,0.000659,4.96E-05,1.39E-05,4.39E-05,3.85E-05,2.70E-05,2.45E-05,5.15E-05,0.000143036,0.006907658,9.67E-05,6.84E-06,4.49E-05,2.81E-05,0.003645102,0.001894931,7.69E-05,0.00019759,0.000121358,6.90E-05,0.000948518,0.000250086,6.52E-05,0.000240707,0.000153468,0.000772271,0.073228983,8.59E-05,0.000954931,1.60E-05,0.003496132,5.07E-06,8.33E-06,5.69E-06,7.01E-05,2.01E-06,1.00E-05,5.84E-06,0.000163518,6.94E-05,4.62E-05,4.36E-05,5.65E-06,0.001885168,2.39E-05,0.000104849,0.000296409,0.000265687,4.21E-06,8.04E-05,1.52E-05,0.000189933,0.000589468,0.000154043,0.001593593,0.000228265,0.000236735,5.20E-05,8.47E-06,2.34E-06,3.99E-05,1.35E-05,1.05E-05,6.70E-06,8.42E-06,1.58E-06,7.37E-06,8.23E-06,3.83E-06,0.00013538,0.000235108,9.93E-05,0.000109347,0.021947945,0.00010815,8.65E-05,2.38E-05,3.22E-05,1.72E-06,2.20E-06,5.74E-07,1.44E-06,4.07E-06,4.04E-05,6.39E-05,0.000122124,4.74E-06,3.45E-06,9.00E-06,1.63E-06,1.29E-06,1.82E-06,6.60E-06,1.04E-05,1.39E-05,5.22E-06,9.57E-06,0.011358433,0.000151794,7.67E-05,0.000109873,0.000152894,0.001287422,6.44E-05,6.41E-05,0.01629445,0.000760882,9.84E-05,4.25E-05,8.28E-06,7.08E-06,9.90E-05,0.021154427,7.71E-05,5.74E-05,1.99E-05,0.000168255,0.399954577,0.00085549,0.000727958,0.000274635,0.00060971,0.000893534,0.000244009,0.001081266,0.000627991,0.00092483,0.000355796,0.000532904,9.30E-05,4.93E-05,0.000346847,5.07E-05,4.64E-06,3.61E-05,0.001087774,0.007545267,0.000257695,0.00019247,0.004503224,0.006350444,1.87E-06,2.82E-06,3.79E-05,0.00015476,0.000485242,0.000769017,0.001122037,0.010791361,0.000242334,6.36E-06,5.33E-05,6.20E-05,8.81E-05,2.92E-06,3.21E-05,6.70E-06,8.68E-05,7.07E-05,0.000109969,0.006204536,7.42E-06,0.000134087,1.03E-05,5.19E-05,1.23E-05,8.57E-06,1.99E-05,1.54E-05,5.26E-07,5.46E-06,3.95E-05,9.48E-05,8.57E-06,1.81E-05,3.81E-05,0.000117386,1.79E-05,1.00E-06,1.69E-05,0.000647611,3.46E-05,8.49E-05,5.07E-05,1.04E-05,0,7.03E-06,2.69E-05,2.81E-05,7.62E-05,1.76E-05,1.93E-05,0.000348331,0.000520414,0.000417528,0.000528071,2.23E-05
FVF11841,high,0.0335,0.0543,0.015,0.0216,0.0119,0.0067,0.0019,0.007,0.0686,0.0601,0.0165,0.0031,0.3983,5.00E-04,0.0039,0.0358,0.0214,0.609652165,7.25E-06,6.26E-05,7.33E-05,6.33E-05,3.65E-05,5.38E-06,3.74E-06,1.07E-05,0.000487683,6.46E-05,1.81E-06,1.23E-05,1.59E-06,0.000689909,0.004925613,0.000262603,0.001816353,0.003549531,0.003626224,0.000439777,0.00584291,0.000151354,0.002759855,0.00010636,0.000127401,0.003211609,0.00033122,6.38E-05,4.50E-05,0.000122456,4.01E-05,2.10E-05,8.82E-05,0.00079484,0.00073309,0.000716664,0.000113117,0.004972805,0.000253593,0.000234804,0.000199259,0.008736374,0.007906263,0.001304443,0.008384991,0.000434118,0.000345009,0.024970108,6.81E-05,6.55E-05,6.43E-05,0.000164154,0.000526304,0.002227673,0.001848822,2.27E-05,2.63E-05,0.000408353,0.000120643,0.000651617,0.000683866,2.87E-05,3.16E-05,0.004268227,0.000272876,0.000279963,0.000260845,0.000308201,1.19E-05,0.00018525,2.53E-06,9.12E-06,2.53E-06,9.78E-06,2.72E-05,2.75E-06,3.19E-05,0.000161133,4.94E-06,5.06E-05,0.001770096,6.07E-05,8.56E-05,5.01E-05,0.000210027,0.0004684,5.54E-05,0.000654913,0.004666417,0.000499659,3.85E-06,5.38E-05,0.000330671,0.000113831,6.89E-05,0.002368094,0.00012383,1.55E-05,2.02E-05,2.46E-05,0.000210302,0.004203236,6.44E-05,6.48E-06,5.33E-05,5.36E-05,0.003892728,0.000957895,2.52E-05,0.000182668,0.000160199,4.35E-05,0.002465553,0.00023821,0.000115205,0.000227223,0.000138278,0.000128829,0.106440721,9.02E-05,0.001110787,9.17E-06,0.003102283,3.46E-06,3.57E-06,8.02E-06,2.41E-05,9.89E-07,3.41E-06,1.26E-05,6.43E-05,3.95E-05,3.85E-06,8.52E-06,1.10E-06,0.000158825,5.55E-06,9.88E-05,0.00022118,0.000281556,5.11E-06,4.02E-05,2.11E-05,0.000177889,0.000513229,0.000139982,0.002368368,0.000169703,0.000186953,2.54E-05,2.57E-05,1.92E-05,3.62E-05,1.07E-05,1.21E-05,4.61E-06,7.64E-06,3.85E-06,7.42E-06,7.31E-06,1.15E-05,0.000100481,0.009111983,5.11E-05,0.000118556,0.006706367,8.76E-05,7.63E-05,1.95E-05,3.64E-05,1.07E-05,5.49E-07,6.59E-07,2.91E-06,3.79E-06,4.64E-05,5.03E-05,0.000220905,5.88E-06,8.13E-06,1.21E-05,1.65E-07,2.20E-06,2.58E-06,5.27E-06,2.91E-06,1.33E-05,3.30E-06,3.79E-06,0.001815859,5.94E-05,4.28E-05,8.38E-05,0.000121303,0.000992671,8.27E-05,4.00E-05,0.003926624,0.000986683,6.04E-05,1.19E-05,1.31E-05,3.79E-06,0.000182613,0.000436755,8.17E-05,6.96E-05,2.84E-05,0.000526744,0.609652165,0.002173339,0.00162484,0.000789786,0.001087109,0.002195589,0.000513833,0.00192057,0.001321968,0.001899749,0.000901364,0.00063162,0.000153496,4.05E-05,0.000182723,8.61E-05,8.02E-06,2.31E-05,0.000733639,0.00483557,0.000166736,6.04E-06,0.004795905,0.007973892,2.91E-06,1.21E-05,3.17E-05,0.000231892,0.000537127,0.000572177,0.001162759,0.001981332,0.000177339,4.34E-06,2.94E-05,8.23E-05,5.49E-05,8.84E-06,0.000263042,5.77E-06,8.22E-05,5.82E-05,0.000108612,0.002819408,2.25E-06,8.02E-05,2.21E-05,4.67E-06,6.81E-06,1.60E-05,7.09E-06,1.75E-05,1.59E-06,4.34E-06,7.69E-07,4.19E-05,1.56E-05,1.62E-05,6.87E-06,0.000173549,2.62E-05,4.94E-06,1.79E-05,1.79E-05,1.69E-05,0.000234914,1.78E-05,2.75E-06,0,0.000198161,0.000289357,0.000252879,0.000170307,5.27E-06,2.63E-05,1.02E-05,2.33E-05,1.25E-05,2.32E-05,1.30E-05
FVF11842,high,0.0051,0.0576,0.0076,0.0181,0.0054,0.003,0.0072,0.0031,0.0164,0.0513,0.0217,0.0024,0.3882,0.0106,0.006,0.0241,0.0079,0.458315281,8.61E-06,4.42E-05,0.000196892,0.000980082,4.51E-05,7.20E-06,7.64E-06,2.36E-05,0.000221828,4.07E-05,1.14E-05,1.87E-05,3.37E-05,0.000173069,0.000276747,0.000170249,0.001134968,0.005915817,0.009264467,0.000285134,0.000374191,0.000215149,0.002208932,0.000148133,0.000140786,0.001940497,0.000185834,8.46E-05,2.63E-05,0.000137149,5.68E-05,0.000155777,1.34E-05,0.000353782,0.000383468,0.00096984,0.000299086,0.004225573,0.000585927,0.000536425,0.000495013,0.004623439,0.01327823,0.000723966,0.011380778,0.000651087,0.000678472,0.009344099,0.000685671,2.51E-05,6.98E-05,0.000213294,0.005862456,0.001418914,0.000983125,1.55E-05,7.53E-05,0.000548968,0.000376863,0.000998264,0.000598617,0.000294559,4.08E-05,0.006258244,0.000344209,0.000289215,0.00032469,0.000141454,9.22E-05,0.000476979,3.41E-06,4.68E-06,2.89E-06,2.84E-05,7.79E-05,1.57E-05,5.90E-05,0.000153847,1.57E-05,2.42E-05,0.001041012,9.97E-05,0.000126165,6.81E-05,0.000215446,0.000591196,9.22E-05,0.000691089,0.002800647,7.72E-06,7.79E-06,0.000361798,0.002475215,6.46E-05,6.28E-05,0.000379312,4.73E-05,0.000633795,0.000431263,0.000137223,0.000395491,0.002338363,3.81E-05,1.17E-05,4.82E-05,3.29E-05,0.00174264,0.001546119,2.81E-05,0.000239195,7.18E-05,6.56E-05,0.003594746,0.00010635,8.66E-05,0.000248694,9.48E-05,0.000142122,0.132828242,5.95E-05,0.00114469,1.87E-05,0.001828877,6.01E-06,1.14E-05,8.31E-06,3.98E-05,5.86E-06,1.22E-05,1.12E-05,4.22E-05,2.26E-05,1.77E-05,2.57E-05,4.45E-06,0.00055535,5.79E-06,0.00013329,0.00025849,0.000184127,1.07E-05,5.19E-05,4.41E-05,0.000177225,0.000598098,0.000191178,0.007411321,0.000207802,0.000277786,4.79E-05,3.71E-06,2.60E-06,6.60E-05,1.20E-05,1.91E-05,1.39E-05,2.37E-06,2.67E-06,5.49E-06,1.03E-05,8.02E-06,0.000109393,0.000287583,5.21E-05,4.31E-05,7.38E-05,9.80E-05,9.41E-05,1.99E-05,4.31E-05,2.37E-06,1.63E-06,2.23E-06,2.15E-06,1.35E-05,0.000178784,7.34E-05,0.000317788,2.60E-06,1.86E-06,6.98E-06,8.16E-06,8.09E-06,3.35E-05,1.36E-05,1.26E-05,3.27E-06,4.75E-06,3.91E-05,0.002714038,4.61E-05,3.40E-05,6.02E-05,0.000112955,0.000586743,0.000143754,5.32E-05,0.002289084,0.001326962,8.57E-05,2.06E-05,1.19E-05,6.31E-06,0.000467702,0.00011533,0.000154367,0.000169507,7.71E-05,0.000259604,0.458315281,0.005310966,0.005532052,0.001974116,0.003242374,0.006542265,0.002689399,0.007500082,0.003688999,0.005065389,0.003639424,0.000562549,0.000166612,5.63E-05,0.000963012,9.12E-05,7.35E-06,3.63E-05,0.010230373,0.061907385,0.002315208,4.68E-05,0.009472417,0.009626338,1.22E-05,3.27E-06,0.000465327,0.000147317,0.00119434,0.000268955,0.00177188,0.00126054,0.000242534,8.68E-06,0.00010776,0.000307101,8.09E-05,0.000286841,6.13E-05,8.02E-06,5.11E-05,5.92E-05,0.00011674,0.019946957,6.90E-06,8.14E-05,2.40E-05,1.95E-05,2.92E-05,1.79E-05,4.47E-05,2.24E-05,7.42E-06,9.87E-06,2.20E-05,6.31E-05,3.55E-05,6.23E-05,9.45E-05,9.61E-05,1.80E-05,4.75E-06,2.15E-05,0.001203914,3.55E-05,9.75E-05,6.90E-05,1.33E-05,9.11E-05,0.001130886,0.000626077,0.000408479,0.000348365,3.06E-05,1.39E-05,4.06E-05,0.000132548,0.000180045,8.70E-05,2.35E-05
FVF11844,low,0.0175,0.0823,0.0118,0.0109,0.0058,0.0025,0.0086,0.0039,0.0291,0.0642,0.0078,0.0016,0.4857,0.0055,0.0109,0.0142,0.0073,0.68787893,3.80E-06,2.56E-05,9.13E-05,7.46E-05,9.70E-06,1.32E-06,1.32E-06,1.73E-05,0.00011428,2.41E-05,9.62E-06,4.82E-05,3.80E-05,7.48E-05,0.00019163,8.91E-05,0.001215649,0.007725409,0.008753151,0.000205828,0.000469145,0.000117849,0.001177866,7.18E-05,7.77E-05,0.001588668,9.67E-05,5.83E-05,1.82E-05,9.23E-05,8.24E-05,8.32E-05,0.000152528,0.000262696,0.000335314,0.000849069,0.000215371,0.00430004,0.000418405,0.000394122,0.000375347,0.002686313,0.013824755,0.00045518,0.008816537,0.000510496,0.000539357,0.006338302,3.05E-05,2.09E-05,3.27E-05,4.30E-05,0.000501807,0.000871258,0.000235775,9.70E-06,2.58E-05,0.000296212,0,0.000458361,0.000393036,0.000120564,2.37E-05,0.005177815,0.000154002,0.000133055,0.000152839,0.003194714,4.48E-05,0.000405914,4.97E-06,2.08E-05,1.71E-06,1.17E-05,4.62E-05,4.27E-06,6.28E-05,0.000102565,2.51E-05,9.47E-06,0.000528341,4.42E-05,7.56E-05,5.33E-05,0.000154623,0.000219095,3.94E-05,0.000415069,0.017510647,3.18E-06,2.48E-06,0.00014221,0.001041707,1.53E-05,1.19E-05,0.000311108,1.73E-05,3.42E-05,1.80E-05,6.47E-05,0.000319487,0.000858146,4.95E-05,8.53E-06,4.99E-05,3.54E-05,0.000845888,0.000622681,9.08E-06,0.000118624,8.81E-05,3.84E-05,0.000136236,9.21E-05,3.55E-05,0.000136469,5.87E-05,5.97E-05,0.051977223,4.05E-05,0.000537418,2.23E-05,0.000559606,2.64E-06,1.50E-05,5.04E-06,3.83E-05,1.09E-06,3.41E-06,6.44E-06,7.49E-05,3.75E-05,4.35E-05,5.09E-05,4.65E-06,0.00194105,2.50E-05,4.60E-05,0.000155942,0.000131736,1.94E-06,3.61E-05,3.80E-06,0.000120874,0.000265024,7.40E-05,0.001222321,0.000110944,0.000127469,4.34E-05,4.34E-06,3.49E-06,1.98E-05,1.67E-05,8.53E-06,1.78E-05,1.32E-06,1.24E-06,7.14E-06,4.42E-06,2.87E-06,0.000110866,8.15E-05,6.18E-05,2.44E-05,6.02E-05,8.28E-05,5.33E-05,1.64E-05,3.72E-05,1.06E-05,7.76E-08,6.98E-07,1.01E-05,1.03E-05,0.000159123,3.57E-05,0.000308703,1.09E-06,1.06E-05,6.21E-06,2.33E-06,1.24E-06,1.63E-06,3.96E-06,4.97E-06,6.21E-07,2.56E-06,4.73E-06,0.001800314,3.01E-05,1.66E-05,4.19E-05,0.000132357,0.00026642,8.59E-05,1.02E-05,0.002104673,0.001072508,6.25E-05,1.01E-05,9.15E-06,2.09E-06,0.000611354,0.000611277,0.00013802,0.000121728,6.86E-05,0.000183561,0.68787893,0.003400154,0.003771467,0.00176804,0.002701674,0.005404047,0.001687354,0.005409633,0.00323273,0.004256361,0.00239623,0.000291092,5.18E-05,2.95E-05,0.000373873,5.50E-05,2.95E-06,3.34E-05,0.003001921,0.01435806,0.000680791,0.000722841,0.002503915,0.003488909,1.01E-06,1.63E-06,0.000120642,0.000101556,0.000246792,0.000216302,0.000950159,0.000626483,0.000144227,2.95E-06,1.72E-05,0.000297686,6.43E-05,0,0,2.17E-06,4.39E-05,3.89E-05,4.03E-05,0.007710047,1.86E-06,8.84E-05,6.98E-06,5.28E-05,1.55E-05,2.23E-05,4.42E-06,3.89E-05,2.33E-06,8.15E-06,6.21E-05,4.32E-05,3.76E-05,3.55E-05,5.42E-05,0.000102487,3.17E-05,1.02E-05,2.07E-05,3.36E-05,4.83E-05,0.000100548,2.16E-05,4.73E-06,0,1.24E-05,0.000175183,0.000292721,0.000340124,6.75E-06,1.57E-05,5.52E-05,0.000138331,0.000310487,0.000367278,2.93E-05
FVF11845,high,0.0147,0.0166,0.0138,0.013,0.0029,0.0033,0.0106,0.0043,0.0411,0.0536,0.0036,0.0023,0.3468,0.0171,0.004,0.0254,0.0129,0.494077379,8.04E-06,4.60E-05,0.001486281,0.000597652,1.76E-05,3.79E-06,2.55E-06,9.28E-06,0.00031085,6.75E-05,3.40E-06,1.99E-05,1.81E-05,9.16E-05,0.000429777,0.000126969,0.000555509,0.005272542,0.003824924,0.000136016,0.000468363,7.04E-05,0.000926596,8.23E-05,9.46E-05,0.001224996,0.00020329,5.29E-05,4.07E-05,5.58E-05,4.91E-05,1.96E-05,3.00E-05,0.000256954,0.000880432,0.000562314,0.000110112,0.008677819,0.000417405,0.000316649,0.000285951,0.004946381,0.007811614,0.00472925,0.011103454,0.000491947,0.000379825,0.016123141,6.05E-05,0.000101606,0.00095598,0.000171277,0.000362194,0.001720965,0.000157049,2.28E-05,2.66E-05,0.000247597,0.000370778,0.000421503,0.000344177,0.000411992,1.24E-05,0.005630097,0.000181252,0.000175916,0.00018218,0.000507722,6.52E-05,0.00010091,1.42E-05,2.70E-05,1.14E-05,1.63E-05,2.40E-05,3.25E-06,1.83E-05,0.00013416,7.50E-06,9.55E-05,0.000977863,6.75E-05,9.28E-05,4.69E-05,0.000127124,0.000304355,8.03E-05,0.000465502,0.007784473,3.71E-06,2.71E-06,0.000399697,0.002789995,0.000102921,9.74E-05,0.000167874,0.000111736,0.00089582,0.000762356,0.000194475,0.000207388,0.002761152,6.19E-05,6.42E-06,3.84E-05,2.44E-05,0.003538509,0.00039212,2.06E-05,0.000101916,8.30E-05,1.85E-05,0.002688543,0.000190686,8.51E-05,0.000156817,9.09E-05,0.000121247,0.126717156,7.65E-05,0.000412843,1.96E-05,0.001375318,7.73E-06,0.001517752,1.21E-05,3.77E-05,9.28E-07,1.30E-05,1.04E-05,8.11E-05,5.41E-05,2.34E-05,2.91E-05,4.18E-06,0.000884531,1.01E-05,8.67E-05,0.000154652,0.000105086,8.04E-06,0.000668869,1.28E-05,0.00012635,0.000350905,9.81E-05,0.001689029,0.00012751,0.000128516,5.60E-05,2.24E-05,1.64E-05,3.87E-05,1.12E-05,1.63E-05,4.25E-06,7.96E-06,1.86E-06,5.57E-06,2.78E-06,6.34E-06,0.000148698,0.005738662,8.46E-05,6.46E-05,2.05E-05,0.029630115,0.00046759,2.61E-05,3.56E-05,7.04E-06,4.10E-06,1.08E-06,3.94E-06,7.35E-06,8.85E-05,6.39E-05,0.000194243,7.66E-06,1.18E-05,1.20E-05,1.08E-06,2.47E-06,2.32E-06,1.01E-05,6.26E-06,2.37E-05,6.26E-06,1.59E-05,0.001787001,6.88E-05,4.24E-05,9.60E-05,0.000152023,0.000784626,0.000131454,2.97E-05,0.001005082,0.000622783,0.000119623,3.65E-05,2.96E-05,7.42E-06,0.000332733,4.26E-05,0.000737689,7.25E-05,2.61E-05,0.000400007,0.494077379,0.002461901,0.00247899,0.001019232,0.001784681,0.003144843,0.001013665,0.003110356,0.002095763,0.002626605,0.001382587,0.000408977,0.00010006,3.95E-05,0.001046142,9.05E-05,1.75E-05,1.75E-05,0.009682514,0.047952867,0.002155923,0.000221307,0.005645485,0.004015919,6.50E-06,8.43E-06,0.000147074,0.000199191,0.000729492,0.000682014,0.000828701,0.001936085,0.00011885,4.48E-06,4.93E-05,0.000787023,0.000603915,1.07E-05,0.000101529,1.47E-06,7.45E-05,7.21E-05,5.68E-05,0.020381244,1.16E-06,8.73E-05,1.64E-05,2.64E-05,2.23E-05,5.18E-05,1.44E-05,2.62E-05,4.18E-06,7.89E-06,3.18E-05,2.79E-05,3.00E-05,4.28E-05,3.13E-05,0.000199037,4.33E-05,6.19E-06,3.26E-05,0.000179705,6.86E-05,9.10E-05,1.99E-05,6.19E-06,0,0.001345702,0.000103617,0.000168802,0.000175375,9.82E-06,3.57E-05,1.49E-05,2.64E-05,4.99E-05,4.36E-05,1.32E-05
